track_id,track_name,track_artist,playlist,danceability,energy,key,loudness,mode,speechiness,acousticness,liveness,valence,tempo,genres,has_genre,split
7pcm6L3cgpfBB74H0btIkB,2 Real,Scarface,90's Southern Hip Hop,0.784,0.482,4,-10.948,0,0.0527,0.0614,0.0935,0.728,130.988,conscious hip hop|dirty south rap|gangster rap|hardcore hip hop|hip hop|rap|southern hip hop|trap,True,train
51UVuDbX8WqHyn2ga4dsyG,25 Lighters,DJ DMD,90's Southern Hip Hop,0.808,0.728,1,-4.658,0,0.21,0.00307,0.413,0.672,167.889,dirty south rap|dirty texas rap|gangster rap,True,test
2d1qiSnmzS5jiAAss3Svbr,9 Little Millimeta Boys,8Ball & MJG,90's Southern Hip Hop,0.886,0.471,11,-11.278,0,0.497,0.000346,0.353,0.591,156.062,dirty south rap|gangster rap|memphis hip hop|rap|southern hip hop|trap,True,test
3hFUm642RKc84AhOz4GKwW,Armed Robbery,8Ball & MJG,90's Southern Hip Hop,0.783,0.438,7,-12.123,1,0.173,0.00318,0.0508,0.781,89.921,dirty south rap|gangster rap|memphis hip hop|rap|southern hip hop|trap,True,train
3rNF3QG3xFER9YditvdLgQ,Ball And Bun,Bun B,90's Southern Hip Hop,0.604,0.818,9,-6.166,1,0.312,0.369,0.0565,0.651,176.181,latin|reggaeton|trap latino,True,train
5Ix3DtIEWBTgkmQwkJ2JLX,Baller In The Mix,Lil Keke,90's Southern Hip Hop,0.773,0.572,7,-8.395,1,0.233,0.0217,0.278,0.678,82.02,chopped and screwed|crunk|deep southern trap|dirty south rap|gangster rap|houston rap|southern hip hop|trap,True,train
5yd79zJqlkY7YiwN8VPmoJ,Ballin' Parlay,Big Pokey,90's Southern Hip Hop,0.763,0.66,1,-6.79,1,0.124,0.611,0.346,0.521,90.023,chopped and screwed|crunk|dirty south rap|gangster rap|houston rap,True,train
3JJ3RegwBPhDSbhZlt9sCh,Bang Screw,Lil C,90's Southern Hip Hop,0.531,0.657,11,-7.388,1,0.454,0.109,0.328,0.464,138.513,,False,train
5hLeMXj4iqVGxmDjTYKRzT,Bank Robbery,Facemob,90's Southern Hip Hop,0.478,0.725,11,-3.739,0,0.263,0.000384,0.123,0.175,81.634,,False,train
23RPwjKyCosT5s3X7XzgV9,Big Faces,Geto Boys,90's Southern Hip Hop,0.859,0.653,11,-9.715,0,0.279,0.00694,0.0973,0.629,91.903,conscious hip hop|dirty south rap|g funk|gangster rap|hardcore hip hop|hip hop|old school hip hop|rap|southern hip hop,True,train
0Uu8BPsWQGZk5AiRN3uBwn,Black Ice (Sky High) (feat. OutKast),Goodie Mob,90's Southern Hip Hop,0.927,0.679,11,-5.411,0,0.363,0.0471,0.0479,0.371,101.181,alternative hip hop|atl hip hop|conscious hip hop|dirty south rap|gangster rap|hardcore hip hop|hip hop|southern hip hop,True,train
15Do6dBAo047mXWPRqChtS,Boo Boo'n,Scarface,90's Southern Hip Hop,0.667,0.539,8,-12.042,0,0.227,0.139,0.0506,0.413,78.123,conscious hip hop|dirty south rap|gangster rap|hardcore hip hop|hip hop|rap|southern hip hop|trap,True,train
2ohf5urBpT8bieYr8kq3kt,"Bout It, Bout It II",Master P,90's Southern Hip Hop,0.484,0.69,6,-6.339,1,0.316,0.00757,0.181,0.657,80.862,dirty south rap|gangster rap|hip hop|new orleans rap|pop rap|rap|southern hip hop|trap,True,train
0V0WtaKdSJIyRd6ODjF0hx,Braids & Fades - Feat. Slim Thug,E.S.G.,90's Southern Hip Hop,0.809,0.859,9,-4.799,0,0.33,0.17,0.119,0.769,78.013,chopped and screwed|crunk|dirty south rap|dirty texas rap|gangster rap|houston rap,True,train
57Py9BTgsrGScQIXqbiaaT,Break 'em Off,8Ball & MJG,90's Southern Hip Hop,0.829,0.613,11,-6.831,1,0.0697,0.0637,0.127,0.115,95.047,dirty south rap|gangster rap|memphis hip hop|rap|southern hip hop|trap,True,test
05xbEV5M8DAQmhFKKlHaDd,Bring It On,Geto Boys,90's Southern Hip Hop,0.855,0.698,2,-9.0,1,0.331,0.175,0.651,0.533,92.888,conscious hip hop|dirty south rap|g funk|gangster rap|hardcore hip hop|hip hop|old school hip hop|rap|southern hip hop,True,train
1Xunvmk47Mju6oZlgzm2Ty,Burbons And Lacs,Master P,90's Southern Hip Hop,0.926,0.453,7,-5.921,1,0.109,0.000862,0.124,0.393,138.004,dirty south rap|gangster rap|hip hop|new orleans rap|pop rap|rap|southern hip hop|trap,True,train
7II7n1Qy5He7hs2Q9XIbYD,Coffee Shoppe,Redman,90's Southern Hip Hop,0.889,0.598,5,-5.096,0,0.35,0.0586,0.165,0.838,81.677,alternative hip hop|east coast hip hop|gangster rap|hardcore hip hop|hip hop|new jersey rap|rap|southern hip hop|wu fam,True,train
4RFlr5gH4GDQrYjpP2fXw6,Concrete Hell,5th Ward Boyz,90's Southern Hip Hop,0.49,0.597,11,-8.185,0,0.361,0.0468,0.321,0.391,77.662,dirty south rap|dirty texas rap|gangster rap|houston rap,True,train
4OPP6Nzkf60dpjbfRheELe,Da Summa,Three 6 Mafia,90's Southern Hip Hop,0.842,0.64,8,-8.258,0,0.245,0.332,0.0927,0.62,140.338,crunk|dirty south rap|gangster rap|hip hop|memphis hip hop|pop rap|rap|southern hip hop|tennessee hip hop|trap,True,train
0HOqINudNgQFpg1le5Hnqe,Damn It Feels Good to Be a Gangsta,Geto Boys,90's Southern Hip Hop,0.785,0.793,1,-7.915,1,0.163,0.22,0.124,0.655,88.902,conscious hip hop|dirty south rap|g funk|gangster rap|hardcore hip hop|hip hop|old school hip hop|rap|southern hip hop,True,test
2z8tZ7BZ1GzFIlaPt5qWKx,Diamonds & Wood,UGK,90's Southern Hip Hop,0.846,0.548,1,-9.875,1,0.605,0.415,0.286,0.751,138.02,dirty south rap|gangster rap|hip hop|houston rap|rap|southern hip hop|trap,True,test
1X7MT6osfvC9JEZSPnsYrP,Diary Of A Madman,Scarface,90's Southern Hip Hop,0.793,0.676,4,-10.332,1,0.281,0.0865,0.304,0.499,94.002,conscious hip hop|dirty south rap|gangster rap|hardcore hip hop|hip hop|rap|southern hip hop|trap,True,train
6g9jxAZz5pFxafWle0uxY8,Do What You Want,Scarface,90's Southern Hip Hop,0.725,0.311,10,-14.721,0,0.365,0.247,0.114,0.463,78.962,conscious hip hop|dirty south rap|gangster rap|hardcore hip hop|hip hop|rap|southern hip hop|trap,True,test
62BoHRGSeDnRd4wMn2DUTp,Do Yo Time,Geto Boys,90's Southern Hip Hop,0.781,0.57,2,-9.92,1,0.37,0.0255,0.11,0.179,90.817,conscious hip hop|dirty south rap|g funk|gangster rap|hardcore hip hop|hip hop|old school hip hop|rap|southern hip hop,True,train
5LPcIeLf5X05un3LLHWth5,Don’t Mess Wit Texas,Lil Keke,90's Southern Hip Hop,0.825,0.742,7,-6.944,1,0.146,0.0123,0.0737,0.675,92.041,chopped and screwed|crunk|deep southern trap|dirty south rap|gangster rap|houston rap|southern hip hop|trap,True,train
5ycTwkLUFRzuTgULpzcSHM,Ever So Clear,Bushwick Bill,90's Southern Hip Hop,0.756,0.365,1,-14.252,0,0.348,0.151,0.222,0.64,159.882,dirty texas rap|g funk|gangster rap,True,train
1sI0LMtBNktdYtgGMyU9CI,F**k Faces,Scarface,90's Southern Hip Hop,0.721,0.549,5,-10.98,1,0.186,0.138,0.121,0.497,170.127,conscious hip hop|dirty south rap|gangster rap|hardcore hip hop|hip hop|rap|southern hip hop|trap,True,train
3MF3HJ5dmKm8SiVKXAsQsR,Free,Geto Boys,90's Southern Hip Hop,0.733,0.576,8,-8.706,0,0.081,0.159,0.0955,0.68,81.874,conscious hip hop|dirty south rap|g funk|gangster rap|hardcore hip hop|hip hop|old school hip hop|rap|southern hip hop,True,train
1oyU3zCBIVREo7RmTVAyBL,"Front, Back & Side to Side",UGK,90's Southern Hip Hop,0.809,0.675,11,-5.43,0,0.133,0.0203,0.0601,0.787,150.004,dirty south rap|gangster rap|hip hop|houston rap|rap|southern hip hop|trap,True,test
02UC06EU3bbApTs9lsNzFC,Gansta (Put Me Down),Geto Boys,90's Southern Hip Hop,0.745,0.711,7,-8.452,1,0.0875,0.407,0.137,0.665,87.999,conscious hip hop|dirty south rap|g funk|gangster rap|hardcore hip hop|hip hop|old school hip hop|rap|southern hip hop,True,train
5AvCe7MaFiRZ5sPlrW8Stb,Geto Fantasy,Geto Boys,90's Southern Hip Hop,0.755,0.686,11,-8.09,0,0.157,0.00547,0.22,0.516,82.015,conscious hip hop|dirty south rap|g funk|gangster rap|hardcore hip hop|hip hop|old school hip hop|rap|southern hip hop,True,train
4VJEgV3CAmfGANrhtRpCpM,Ghetto Dreams,Fat Pat,90's Southern Hip Hop,0.724,0.795,2,-5.34,1,0.0823,0.0891,0.339,0.573,91.313,dirty south rap|gangster rap|houston rap,True,train
3JXLO03HcIKzIB1xuDSDrR,Good Stuff,UGK,90's Southern Hip Hop,0.931,0.534,6,-7.058,0,0.322,0.0411,0.162,0.517,97.979,dirty south rap|gangster rap|hip hop|houston rap|rap|southern hip hop|trap,True,train
6zP0ipJNBVe3G9gtmtcdWl,Greed,Scarface,90's Southern Hip Hop,0.586,0.488,6,-9.155,1,0.402,0.0125,0.0404,0.594,87.028,conscious hip hop|dirty south rap|gangster rap|hardcore hip hop|hip hop|rap|southern hip hop|trap,True,train
17DFL1ATHDLnvmjEwBqdI9,Hand Of The Devil,8Ball & MJG,90's Southern Hip Hop,0.783,0.828,5,-6.825,1,0.128,0.0309,0.089,0.754,155.965,dirty south rap|gangster rap|memphis hip hop|rap|southern hip hop|trap,True,train
1kmdxgEGbd0BsJcqnNQXT6,Hand of the Dead Body,Scarface,90's Southern Hip Hop,0.757,0.737,7,-5.414,1,0.244,0.29,0.106,0.838,83.226,conscious hip hop|dirty south rap|gangster rap|hardcore hip hop|hip hop|rap|southern hip hop|trap,True,train
4C9VvaZodMeykzNlr5KtCF,Hardest Pit,Big Pokey,90's Southern Hip Hop,0.599,0.738,0,-7.217,0,0.341,0.284,0.492,0.753,168.222,chopped and screwed|crunk|dirty south rap|gangster rap|houston rap,True,test
2p5pUs6LU2GZNVb9FCNtar,Homies & Thuggs,Scarface,90's Southern Hip Hop,0.653,0.525,2,-11.886,1,0.232,0.00934,0.074,0.475,82.992,conscious hip hop|dirty south rap|gangster rap|hardcore hip hop|hip hop|rap|southern hip hop|trap,True,train
1KLhUURHRl72xGO5A94lme,How Ya Do Dat,Young Bleed,90's Southern Hip Hop,0.788,0.451,1,-9.313,1,0.318,0.118,0.134,0.302,89.97,baton rouge rap|deep southern trap|dirty south rap|gangster rap|southern hip hop|trap,True,train
5rB2kidKHVVzPlmz25j23U,I Don't Wanna Die,8Ball,90's Southern Hip Hop,0.766,0.33,8,-8.466,0,0.536,0.0814,0.449,0.429,178.048,crunk|dirty south rap|gangster rap|memphis hip hop|southern hip hop|trap,True,train
6ld0SjdFPdZtoWBxzn0Ytp,I Seen a Man Die,Scarface,90's Southern Hip Hop,0.692,0.674,2,-5.523,1,0.292,0.0022,0.359,0.5,79.925,conscious hip hop|dirty south rap|gangster rap|hardcore hip hop|hip hop|rap|southern hip hop|trap,True,train
2y06yEj8JnxUSlXuwLP4rJ,In My Blood,Scarface,90's Southern Hip Hop,0.599,0.804,9,-10.233,1,0.432,0.069,0.0565,0.639,156.453,conscious hip hop|dirty south rap|gangster rap|hardcore hip hop|hip hop|rap|southern hip hop|trap,True,train
6cTGIsgnvU6Uz7AwfuVq64,Is There A Heaven For A Gangsta?,Master P,90's Southern Hip Hop,0.722,0.767,6,-5.469,1,0.227,0.0235,0.167,0.697,78.737,dirty south rap|gangster rap|hip hop|new orleans rap|pop rap|rap|southern hip hop|trap,True,train
7qIFsTE3QUpHBUMhhzX5VM,It Ain't,Geto Boys,90's Southern Hip Hop,0.814,0.648,10,-9.489,0,0.469,0.113,0.766,0.729,80.788,conscious hip hop|dirty south rap|g funk|gangster rap|hardcore hip hop|hip hop|old school hip hop|rap|southern hip hop,True,train
7rAeopZxC8VS7qrQgcVeJH,It's Supposed to Bubble,UGK,90's Southern Hip Hop,0.733,0.807,1,-5.996,1,0.186,0.058,0.0922,0.621,79.912,dirty south rap|gangster rap|hip hop|houston rap|rap|southern hip hop|trap,True,train
1AUTYg8aLmAaUyXEbhuw8y,Just Like Candy,MJG,90's Southern Hip Hop,0.737,0.737,7,-5.34,1,0.057,0.00131,0.145,0.389,95.027,dirty south rap|gangster rap|memphis hip hop|southern hip hop|trap,True,train
4VeCg1rkHHiu1utqoNNUhH,Lay It Down,8Ball & MJG,90's Southern Hip Hop,0.823,0.582,11,-9.644,1,0.388,0.0177,0.0928,0.278,166.253,dirty south rap|gangster rap|memphis hip hop|rap|southern hip hop|trap,True,train
559cZxWbBgXPonNmdxQJne,Life Story (feat. Al-D & Bam),Z-Ro,90's Southern Hip Hop,0.716,0.811,9,-7.909,0,0.141,0.355,0.168,0.564,88.992,alternative metal|hard rock|industrial metal|industrial rock|nu metal|rap rock,True,train
7GZ6edN5wxF9icp7wIUoR8,Maan!!,Big Moe featuring E.S.G. & Big Pokey,90's Southern Hip Hop,0.891,0.744,1,-8.563,1,0.402,0.0326,0.151,0.483,91.068,,False,train
0Rqcf7GwEOIFg5VFMNIzHF,Mary Jane,Scarface,90's Southern Hip Hop,0.402,0.488,9,-9.37,0,0.179,0.0146,0.0429,0.37,79.821,conscious hip hop|dirty south rap|gangster rap|hardcore hip hop|hip hop|rap|southern hip hop|trap,True,train
05vpswcCkiXX2egk5GBo2y,Middle Of The Night,MJG,90's Southern Hip Hop,0.856,0.707,6,-7.041,0,0.178,0.0917,0.306,0.781,137.997,dirty south rap|gangster rap|memphis hip hop|southern hip hop|trap,True,test
4OGupqrF7u7wM4yLRMpL0p,Money And The Power,Scarface,90's Southern Hip Hop,0.898,0.381,4,-15.538,0,0.278,0.42,0.11,0.834,150.154,conscious hip hop|dirty south rap|gangster rap|hardcore hip hop|hip hop|rap|southern hip hop|trap,True,test
28hioqqNRQD0izp6KOXpoH,Mr. Big,8Ball & MJG,90's Southern Hip Hop,0.856,0.5,1,-10.697,1,0.285,0.00458,0.0915,0.389,155.863,dirty south rap|gangster rap|memphis hip hop|rap|southern hip hop|trap,True,train
6utJPGnUAGkW7qRaYpoasi,Mr. Ice Cream Man,Master P,90's Southern Hip Hop,0.806,0.666,0,-5.755,1,0.117,0.026,0.72,0.571,131.939,dirty south rap|gangster rap|hip hop|new orleans rap|pop rap|rap|southern hip hop|trap,True,train
1Wwo1O8g9u59diHJg7fHBy,Murder,UGK,90's Southern Hip Hop,0.877,0.659,2,-5.554,1,0.336,0.165,0.486,0.694,85.912,dirty south rap|gangster rap|hip hop|houston rap|rap|southern hip hop|trap,True,train
2PAAtJMAcw8C6ayNfy2zVH,Murder After Midnight,Geto Boys,90's Southern Hip Hop,0.8,0.581,4,-12.469,1,0.352,0.397,0.18,0.794,166.043,conscious hip hop|dirty south rap|g funk|gangster rap|hardcore hip hop|hip hop|old school hip hop|rap|southern hip hop,True,train
0hHR7DwdbnMHPzfWRIOhny,My Homeboy's Girlfriend,8Ball,90's Southern Hip Hop,0.837,0.537,1,-8.053,1,0.174,0.112,0.0913,0.632,88.012,crunk|dirty south rap|gangster rap|memphis hip hop|southern hip hop|trap,True,train
52WQhzeikd0FijngYTVPho,New Day,South Circle,90's Southern Hip Hop,0.706,0.732,2,-5.378,1,0.279,0.0523,0.246,0.625,85.002,,False,train
5odFKr8lDYmdSyA1K4XDJF,No Nuts No Glory,Geto Boys,90's Southern Hip Hop,0.753,0.663,6,-9.969,0,0.327,0.0407,0.0541,0.853,165.549,conscious hip hop|dirty south rap|g funk|gangster rap|hardcore hip hop|hip hop|old school hip hop|rap|southern hip hop,True,test
44ujgZOk7wnISLDb1QAENY,One Day,UGK,90's Southern Hip Hop,0.812,0.612,6,-7.832,0,0.212,0.233,0.134,0.679,146.047,dirty south rap|gangster rap|hip hop|houston rap|rap|southern hip hop|trap,True,test
712jeLmkHcf7Ruow0g0V6W,Paid Dues,8Ball,90's Southern Hip Hop,0.932,0.579,4,-8.586,0,0.227,0.0419,0.284,0.647,123.974,crunk|dirty south rap|gangster rap|memphis hip hop|southern hip hop|trap,True,train
4U3JMDnjnUKggATEp7NryT,Pass Me Da Green,Master P,90's Southern Hip Hop,0.645,0.458,1,-8.064,1,0.176,0.000506,0.108,0.207,145.963,dirty south rap|gangster rap|hip hop|new orleans rap|pop rap|rap|southern hip hop|trap,True,train
1krOGaThAoYZZ2qKUuif4t,Pimps,8Ball & MJG,90's Southern Hip Hop,0.845,0.582,11,-10.667,1,0.348,0.0293,0.194,0.574,152.072,dirty south rap|gangster rap|memphis hip hop|rap|southern hip hop|trap,True,test
4FsWYwoqvN11yFTvJOuRf5,"Pimps, Players & Hustlas",Lil Keke,90's Southern Hip Hop,0.734,0.559,5,-9.882,1,0.307,0.0862,0.207,0.912,176.08,chopped and screwed|crunk|deep southern trap|dirty south rap|gangster rap|houston rap|southern hip hop|trap,True,train
3iJAVlE8t4sDr62waZGWzX,Pocket Full of Stones,UGK,90's Southern Hip Hop,0.809,0.798,11,-5.587,0,0.0516,0.0353,0.154,0.943,149.803,dirty south rap|gangster rap|hip hop|houston rap|rap|southern hip hop|trap,True,train
35haWP34BeUQO6g46iS9Ka,Put Tha House Onit,8Ball,90's Southern Hip Hop,0.62,0.552,11,-8.819,0,0.37,0.0421,0.613,0.623,87.781,crunk|dirty south rap|gangster rap|memphis hip hop|southern hip hop|trap,True,train
5NLDqBWjQUdmmA9JDABiIb,Pwa,5th Ward Boyz,90's Southern Hip Hop,0.815,0.552,4,-3.881,0,0.301,0.0723,0.324,0.554,77.972,dirty south rap|dirty texas rap|gangster rap|houston rap,True,train
4Decn23R5mhMoNnX9RPHQa,Realist Rhymin' - Feat. Lil’ Flip,E.S.G.,90's Southern Hip Hop,0.774,0.766,4,-5.558,1,0.334,0.034,0.0736,0.654,170.018,chopped and screwed|crunk|dirty south rap|dirty texas rap|gangster rap|houston rap,True,train
3R5G81gtoO5CcZlRCRKVLk,Sho Nuff,Tela,90's Southern Hip Hop,0.776,0.468,0,-8.35,1,0.144,0.00138,0.162,0.233,146.149,dirty south rap|dirty texas rap|gangster rap|memphis hip hop|southern hip hop,True,train
7fOa2YngldFhZpkPpQVwpb,Six Feet Deep,Geto Boys,90's Southern Hip Hop,0.811,0.502,10,-12.377,0,0.239,0.0778,0.374,0.759,137.81,conscious hip hop|dirty south rap|g funk|gangster rap|hardcore hip hop|hip hop|old school hip hop|rap|southern hip hop,True,train
5NPv7MhqawQbvqXd0BiJzm,Smartz,Scarface,90's Southern Hip Hop,0.88,0.456,11,-10.904,0,0.335,0.0278,0.595,0.588,81.95,conscious hip hop|dirty south rap|gangster rap|hardcore hip hop|hip hop|rap|southern hip hop|trap,True,test
0oipDSP2WW7wf5NeEjVxgK,Soul Food,Goodie Mob,90's Southern Hip Hop,0.927,0.495,4,-8.778,0,0.304,0.0689,0.0826,0.618,96.372,alternative hip hop|atl hip hop|conscious hip hop|dirty south rap|gangster rap|hardcore hip hop|hip hop|southern hip hop,True,train
6VixF2QhUqNgcbH9SujeiQ,Southside,Scarface,90's Southern Hip Hop,0.839,0.637,2,-9.563,1,0.268,0.012,0.0622,0.475,79.942,conscious hip hop|dirty south rap|gangster rap|hardcore hip hop|hip hop|rap|southern hip hop|trap,True,train
4xL5ytWp07oOvYRtcN4ehe,Southside,Lil Keke,90's Southern Hip Hop,0.793,0.704,6,-8.413,1,0.298,0.0114,0.23,0.773,172.128,chopped and screwed|crunk|deep southern trap|dirty south rap|gangster rap|houston rap|southern hip hop|trap,True,test
408auwR6AlpKxDyJVpwdyC,Sticky Green,Devin The Dude,90's Southern Hip Hop,0.794,0.695,5,-7.045,0,0.245,0.0182,0.0972,0.774,80.999,dirty south rap|gangster rap|hip hop|houston rap|rap|southern hip hop|trap,True,train
5PONCrsJnRyMsHBsnUS6I9,Still,Geto Boys,90's Southern Hip Hop,0.687,0.858,7,-6.471,1,0.237,0.0141,0.158,0.398,87.869,conscious hip hop|dirty south rap|g funk|gangster rap|hardcore hip hop|hip hop|old school hip hop|rap|southern hip hop,True,train
00e5UrNnUkBSKOPRUew6bG,Stop Lying,Mr. Mike,90's Southern Hip Hop,0.695,0.583,5,-9.459,1,0.253,0.0252,0.122,0.292,83.916,,False,train
0hPFPELRHZetjzU7dIaBqj,Straight Gangstaism,Geto Boys,90's Southern Hip Hop,0.883,0.497,1,-13.131,1,0.299,0.386,0.107,0.544,82.973,conscious hip hop|dirty south rap|g funk|gangster rap|hardcore hip hop|hip hop|old school hip hop|rap|southern hip hop,True,train
6wIV0D0hoKdeDBoXtuyXIF,Street Game,Geto Boys,90's Southern Hip Hop,0.711,0.821,2,-8.604,1,0.285,0.0152,0.229,0.547,88.66,conscious hip hop|dirty south rap|g funk|gangster rap|hardcore hip hop|hip hop|old school hip hop|rap|southern hip hop,True,test
669diBOTrIfZzr12C9COHc,Swangin and Bangin,E.S.G.,90's Southern Hip Hop,0.863,0.549,7,-11.739,1,0.386,0.02,0.343,0.772,152.041,chopped and screwed|crunk|dirty south rap|dirty texas rap|gangster rap|houston rap,True,train
30JqbTM4GBcSXHuJYeKJjI,The Wall,Scarface,90's Southern Hip Hop,0.728,0.615,4,-8.888,0,0.283,0.0194,0.0768,0.523,82.976,conscious hip hop|dirty south rap|gangster rap|hardcore hip hop|hip hop|rap|southern hip hop|trap,True,train
59Eo4gTUz4NpKbVoLFbwEj,The World Is a Ghetto,Geto Boys,90's Southern Hip Hop,0.795,0.522,5,-7.806,0,0.174,0.111,0.359,0.634,84.021,conscious hip hop|dirty south rap|g funk|gangster rap|hardcore hip hop|hip hop|old school hip hop|rap|southern hip hop,True,test
6yYnde58z3wfPjJnljXwe0,They B's,Geto Boys,90's Southern Hip Hop,0.841,0.665,0,-10.596,1,0.158,0.0189,0.313,0.595,90.056,conscious hip hop|dirty south rap|g funk|gangster rap|hardcore hip hop|hip hop|old school hip hop|rap|southern hip hop,True,train
6gQvUs5abDFspk9LAlCfKa,Thought Process,Goodie Mob,90's Southern Hip Hop,0.829,0.484,9,-11.038,1,0.337,0.201,0.142,0.384,93.539,alternative hip hop|atl hip hop|conscious hip hop|dirty south rap|gangster rap|hardcore hip hop|hip hop|southern hip hop,True,train
7F8uVHZGTY9AabhTWVnr1T,Throw Your Hands Up,8Ball,90's Southern Hip Hop,0.946,0.67,7,-7.46,1,0.243,0.0258,0.0582,0.238,98.575,crunk|dirty south rap|gangster rap|memphis hip hop|southern hip hop|trap,True,test
59R1Pv7IfNDHU76u6eD6yW,Time Taker,Geto Boys,90's Southern Hip Hop,0.79,0.441,1,-10.359,1,0.298,0.00421,0.105,0.408,80.103,conscious hip hop|dirty south rap|g funk|gangster rap|hardcore hip hop|hip hop|old school hip hop|rap|southern hip hop,True,test
4ZS2QVf0MLrO34LCDiiJ1T,Tops Drop,Fat Pat,90's Southern Hip Hop,0.913,0.451,9,-7.86,0,0.175,0.0161,0.107,0.646,93.211,dirty south rap|gangster rap|houston rap,True,train
5OYCYTtQfrZ5LfikBChdGA,Total Shock,Mr. Mike,90's Southern Hip Hop,0.545,0.759,7,-9.721,1,0.36,0.00617,0.313,0.413,85.409,,False,train
15FMSxoPEkD7Nn4LwnR3yz,Unsolved Mysteries,South Circle,90's Southern Hip Hop,0.679,0.857,1,-3.14,1,0.306,0.121,0.271,0.695,83.176,,False,train
2RsRY5npULtSFKQOe4MQxu,Where Ya Love At,Mr. Mike,90's Southern Hip Hop,0.713,0.648,1,-6.27,1,0.125,0.121,0.235,0.81,87.942,,False,train
3NitY3eL3TjRvPlQWjaclz,Who Dat Talking Down,Big Pokey,90's Southern Hip Hop,0.652,0.554,0,-5.782,1,0.433,0.126,0.409,0.58,170.117,chopped and screwed|crunk|dirty south rap|gangster rap|houston rap,True,train
14ZeVc6AqpEt29RN8IH72x,Wood Wheel,UGK,90's Southern Hip Hop,0.941,0.828,11,-5.964,1,0.152,0.00509,0.0959,0.961,127.983,dirty south rap|gangster rap|hip hop|houston rap|rap|southern hip hop|trap,True,train
4HsL5A46wa0O2jQ0ngj3H7,99 Problems,JAY-Z,Gangster Rap Workout,0.482,0.955,6,-0.905,0,0.382,0.00782,0.0599,0.509,89.422,east coast hip hop|hip hop|pop rap|rap,True,test
0RIHDrcRAXtUlnkvTYPW1a,"All I Do Is Win - Feat. T-Pain, Ludacris, Snoop Dogg & Rick Ross",DJ Khaled,Gangster Rap Workout,0.55,0.779,0,-3.841,1,0.211,0.0135,0.333,0.315,150.069,dance pop|hip hop|miami hip hop|pop|pop rap|rap|southern hip hop|trap,True,train
1BfhP6zvuPyM9u8xFrQGC4,Ante Up (Robbin Hoodz Theory),M.O.P.,Gangster Rap Workout,0.646,0.889,1,-4.449,1,0.204,0.0063,0.872,0.852,94.113,alternative hip hop|east coast hip hop|gangster rap|hardcore hip hop|hip hop|rap,True,train
35QGdv6aFbIaLM0Ozr3rHt,B.M.F. (Blowin' Money Fast),Rick Ross,Gangster Rap Workout,0.721,0.863,2,-4.226,1,0.0558,0.0174,0.178,0.35,139.981,dirty south rap|gangster rap|hip hop|pop rap|rap|southern hip hop|trap,True,train
5GgmaSJiVylNjuRnzodXv5,Bang Bang,Dr. Dre,Gangster Rap Workout,0.865,0.877,5,-2.437,0,0.148,0.12,0.0808,0.783,95.329,g funk|gangster rap|hip hop|rap|west coast rap,True,test
62KoomDvjFXidGPpCsfW3Q,"Biggie/Tupac Live Freestyle (Funkmaster Flex & Big Kap Feat. DJ Mister Cee, Notorious B.I.G & Tupac)",Funkmaster Flex,Gangster Rap Workout,0.571,0.941,4,-2.853,1,0.423,0.742,0.112,0.814,188.632,bronx hip hop|east coast hip hop|hardcore hip hop|hip hop,True,train
1YrHyDbH17btvI2rFTkbCQ,Bitch Please,Snoop Dogg,Gangster Rap Workout,0.863,0.771,7,-2.77,1,0.19,0.00954,0.288,0.812,95.029,g funk|gangster rap|hip hop|rap|west coast rap,True,test
0vM2JGnMt1wBsufvvVrgDi,Bitch Please II,Eminem,Gangster Rap Workout,0.918,0.586,1,-2.89,1,0.133,0.0783,0.145,0.779,95.517,detroit hip hop|hip hop|rap,True,test
52IOqxpm6hNJpiybAdCKeL,Black Magic (feat. Rick Ross),Meek Mill,Gangster Rap Workout,0.721,0.618,1,-5.246,1,0.0536,0.00148,0.0908,0.23,96.724,hip hop|philly rap|pop rap|rap|southern hip hop|trap,True,test
7aS6cyqiIzITFwyiOhcepj,Boom,Snoop Dogg,Gangster Rap Workout,0.469,0.832,6,-6.709,0,0.432,0.139,0.0278,0.341,139.399,g funk|gangster rap|hip hop|rap|west coast rap,True,train
18B0kNllS1JwrXYMCEFK7l,Breathe,Fabolous,Gangster Rap Workout,0.713,0.91,10,-5.586,0,0.282,0.34,0.304,0.51,83.028,dance pop|gangster rap|hip hop|hip pop|pop rap|r&b|rap|trap|urban contemporary,True,test
75zgOqcFLD5xWmm4wbTMsE,Bridging the Gap,Nas,Gangster Rap Workout,0.703,0.687,7,-7.104,1,0.389,0.0332,0.393,0.461,93.606,country rap|lgbtq+ hip hop|pop rap|queer country,True,test
3BaridxR3bsmZw3F8ERWPj,Burn (feat. Big Sean),Meek Mill,Gangster Rap Workout,0.67,0.895,2,-1.438,1,0.349,0.327,0.269,0.622,111.389,hip hop|philly rap|pop rap|rap|southern hip hop|trap,True,train
3yDQCV4v257L3R8iaS9GGb,Chin Check,N.W.A.,Gangster Rap Workout,0.926,0.727,7,-5.503,1,0.241,0.0337,0.0834,0.785,99.99,conscious hip hop|gangster rap|hardcore hip hop|hip hop|old school hip hop|rap|west coast rap,True,train
6WyMmaOWMwvj2MqudQJxVe,"Click, Clack - Get Back!",Ice Cube,Gangster Rap Workout,0.606,0.789,1,-3.865,1,0.0817,0.00213,0.501,0.844,167.977,conscious hip hop|g funk|gangster rap|hardcore hip hop|hip hop|rap|west coast rap,True,train
5ltdcgEflWut0osW0ZzLhM,Da Rockwilder,Method Man,Gangster Rap Workout,0.612,0.659,6,-6.995,0,0.406,0.0137,0.417,0.393,99.137,east coast hip hop|gangster rap|hardcore hip hop|hip hop|rap|southern hip hop,True,train
12MDB5ARcX4wYVS1RnnRA1,Disco Inferno,50 Cent,Gangster Rap Workout,0.915,0.659,3,-5.169,1,0.236,0.24,0.203,0.722,96.974,east coast hip hop|gangster rap|hip hop|pop rap|queens hip hop|rap,True,train
3jGnPHFrBCTdtEXbfweXgH,Dope Boys,The Game,Gangster Rap Workout,0.733,0.813,1,-3.402,0,0.225,0.148,0.179,0.696,85.067,gangster rap|hip hop|pop rap|rap|southern hip hop|trap,True,train
38mndEUsA9kxpIAjeVbYfj,Dope Man,N.W.A.,Gangster Rap Workout,0.69,0.783,7,-6.249,1,0.286,0.0115,0.155,0.681,176.494,conscious hip hop|gangster rap|hardcore hip hop|hip hop|old school hip hop|rap|west coast rap,True,train
0t8FEAs1I7v2PLPMHS4mgv,Ether,Nas,Gangster Rap Workout,0.573,0.831,7,-5.586,1,0.433,0.0401,0.0909,0.766,76.352,country rap|lgbtq+ hip hop|pop rap|queer country,True,train
3YrcUQYqtaBcbgjOXI5FZv,Future,DJ Khaled,Gangster Rap Workout,0.629,0.794,1,-4.174,1,0.256,0.0958,0.27,0.325,151.029,dance pop|hip hop|miami hip hop|pop|pop rap|rap|southern hip hop|trap,True,train
65iyI1iybyv5ecsfBHSdUf,Gangsta Nation,Westside Connection,Gangster Rap Workout,0.843,0.7,9,-3.249,0,0.26,0.127,0.876,0.675,95.05,g funk|gangster rap|hardcore hip hop|hip hop|rap|west coast rap,True,train
25Ril0FCw9THikD42bdOI7,Get It On The Floor,DMX,Gangster Rap Workout,0.795,0.789,1,-4.661,1,0.117,0.156,0.0793,0.597,94.218,east coast hip hop|gangster rap|hardcore hip hop|hip hop|pop rap|rap|southern hip hop,True,train
1xIxMz1sNQ4b6svH1GuTtF,Gimme the Loot - 2005 Remaster,The Notorious B.I.G.,Gangster Rap Workout,0.713,0.647,7,-8.22,1,0.439,0.0867,0.636,0.694,94.036,east coast hip hop|gangster rap|hardcore hip hop|hip hop|rap,True,train
5ZY8CsGBDp8AJ31fPx6qds,Go Getta - (Explicit),Jeezy,Gangster Rap Workout,0.386,0.742,3,-6.545,0,0.178,0.094,0.188,0.439,174.22,atl hip hop|crunk|dirty south rap|gangster rap|hip hop|pop rap|rap|southern hip hop|trap,True,train
2TF5z78mdoObRtPW9GhNzV,Got Ur Self A...,Nas,Gangster Rap Workout,0.599,0.861,11,-4.783,0,0.265,0.0128,0.113,0.613,92.866,country rap|lgbtq+ hip hop|pop rap|queer country,True,train
2jNlqJV2GnmKosuuvJS8RY,Hail Mary,2Pac,Gangster Rap Workout,0.726,0.651,10,-6.352,0,0.3,0.164,0.303,0.382,164.113,g funk|gangster rap|hip hop|rap|west coast rap,True,train
7ktPfqU1DTV6I3DTuLa5f7,Hate Me Now (feat.- Puff Daddy),Nas,Gangster Rap Workout,0.652,0.754,9,-4.929,0,0.208,0.00616,0.12,0.429,90.12,country rap|lgbtq+ hip hop|pop rap|queer country,True,test
1b4oehAiKqRh5uDMNJfz60,Heat,50 Cent,Gangster Rap Workout,0.587,0.966,6,-2.808,0,0.514,0.292,0.347,0.7,85.51,east coast hip hop|gangster rap|hip hop|pop rap|queens hip hop|rap,True,train
5SaXgo5XteGjNWOUGKzwfA,Heavy Artillery,The Game,Gangster Rap Workout,0.669,0.889,5,-3.195,1,0.126,0.0137,0.368,0.658,158.233,gangster rap|hip hop|pop rap|rap|southern hip hop|trap,True,train
0Z2J91b2iTGLVTZC4fKgxf,Hit 'Em Up - Single Version,2Pac,Gangster Rap Workout,0.916,0.844,7,-3.967,1,0.236,0.0394,0.0778,0.586,95.19,g funk|gangster rap|hip hop|rap|west coast rap,True,train
5uQdp0GLfj6K1wTdKuSkwR,Hold Me Back,Rick Ross,Gangster Rap Workout,0.435,0.712,11,-5.566,1,0.144,0.0383,0.109,0.445,125.789,dirty south rap|gangster rap|hip hop|pop rap|rap|southern hip hop|trap,True,train
6mZcNu9i8uhOYMiEAyEx81,How We Do,The Game,Gangster Rap Workout,0.862,0.648,4,-7.401,0,0.251,0.0455,0.0332,0.637,98.012,gangster rap|hip hop|pop rap|rap|southern hip hop|trap,True,test
3gAvYSeYWyBMqGuLmrZs23,Hustler's Ambition,50 Cent,Gangster Rap Workout,0.604,0.737,7,-6.174,1,0.292,0.277,0.305,0.683,88.243,east coast hip hop|gangster rap|hip hop|pop rap|queens hip hop|rap,True,train
3UaqMekEh1kbVu2A6DwiQs,Hustlin',Rick Ross,Gangster Rap Workout,0.502,0.652,9,-7.224,1,0.3,0.0849,0.0675,0.649,136.04,dirty south rap|gangster rap|hip hop|pop rap|rap|southern hip hop|trap,True,test
2l6sQvgAOtvpkmN5MD4qPA,I Can,Nas,Gangster Rap Workout,0.837,0.885,6,-3.914,0,0.182,0.103,0.0666,0.694,95.313,country rap|lgbtq+ hip hop|pop rap|queer country,True,train
5UbJK7IHuc6BSZCwagzp3L,I Get Money,50 Cent,Gangster Rap Workout,0.525,0.933,9,-4.673,1,0.356,0.159,0.311,0.457,122.631,east coast hip hop|gangster rap|hip hop|pop rap|queens hip hop|rap,True,train
31ZkEyJlfJtCjyMhmZxLEd,I'll Still Kill,50 Cent,Gangster Rap Workout,0.666,0.715,2,-5.276,0,0.261,0.111,0.23,0.725,88.046,east coast hip hop|gangster rap|hip hop|pop rap|queens hip hop|rap,True,train
2Ks9TtFe2AD6kK2GX211Ie,I'm So Hood,DJ Khaled,Gangster Rap Workout,0.711,0.885,9,-3.178,0,0.0804,0.0199,0.247,0.514,130.954,dance pop|hip hop|miami hip hop|pop|pop rap|rap|southern hip hop|trap,True,train
7sjwaBQ6M3aVigYfBjm1sL,Ima Boss (feat. Rick Ross),Meek Mill,Gangster Rap Workout,0.37,0.87,5,-2.09,1,0.271,0.0415,0.604,0.331,79.092,hip hop|philly rap|pop rap|rap|southern hip hop|trap,True,train
2npw9XuCQpHXM9ramYL4HR,"Ima Boss (feat. T.I., Birdman, Lil' Wayne, DJ Khaled, Rick Ross & Swizz Beatz)",Meek Mill,Gangster Rap Workout,0.358,0.813,5,-2.54,1,0.272,0.033,0.561,0.439,157.99,hip hop|philly rap|pop rap|rap|southern hip hop|trap,True,test
5o5KX1f1JBQ2SxGzE8RQQA,It's Good,Lil Wayne,Gangster Rap Workout,0.666,0.715,8,-7.292,1,0.156,0.0244,0.119,0.1,85.356,hip hop|new orleans rap|pop rap|rap|trap,True,train
6uj1ZCdrSLRF8e35bsiQqA,It's Okay (One Blood),The Game,Gangster Rap Workout,0.605,0.868,7,-5.612,1,0.239,0.000839,0.118,0.626,163.494,gangster rap|hip hop|pop rap|rap|southern hip hop|trap,True,train
2b7FqlHc3JrzlYtGEkzq22,Juicy - 2007 Remaster,The Notorious B.I.G.,Gangster Rap Workout,0.873,0.816,9,-4.645,1,0.256,0.483,0.146,0.79,96.067,east coast hip hop|gangster rap|hardcore hip hop|hip hop|rap,True,train
2mvOTgcGE2RagkpO0ETdAK,Kick In The Door,The Notorious B.I.G.,Gangster Rap Workout,0.634,0.638,10,-10.169,0,0.792,0.114,0.433,0.664,179.67,east coast hip hop|gangster rap|hardcore hip hop|hip hop|rap,True,train
6H7w7e8zC8QYJyqe7fZHVa,Lean Back,Terror Squad,Gangster Rap Workout,0.799,0.916,1,-3.344,1,0.471,0.11,0.0746,0.697,126.687,bronx hip hop|hardcore hip hop,True,train
1leLsQMjBo5bILYjyqPcjI,Let's Ride,The Game,Gangster Rap Workout,0.878,0.739,5,-5.157,1,0.189,0.169,0.119,0.824,93.601,gangster rap|hip hop|pop rap|rap|southern hip hop|trap,True,train
2bXI4Rbw1D7aVeHWLjn1Lb,Machine Gun Funk - 2006 Remaster,The Notorious B.I.G.,Gangster Rap Workout,0.841,0.738,4,-5.317,0,0.3,0.102,0.0901,0.305,93.725,east coast hip hop|gangster rap|hardcore hip hop|hip hop|rap,True,train
5STdMlrBf6pqWiNE7WqxSi,Many Men (Wish Death),50 Cent,Gangster Rap Workout,0.589,0.827,11,-2.938,1,0.384,0.0143,0.14,0.386,161.978,east coast hip hop|gangster rap|hip hop|pop rap|queens hip hop|rap,True,train
23kyUPJdiHQwmAH4NfCGvf,Martians Vs Goblins,The Game,Gangster Rap Workout,0.476,0.81,4,-3.414,0,0.265,0.0803,0.568,0.642,83.309,gangster rap|hip hop|pop rap|rap|southern hip hop|trap,True,train
2wzMOVWqLMBNx7wVvJ7tt0,Murder Was The Case (Death After Visualizing Eternity) (feat. Dat Nigga Daz),Snoop Dogg,Gangster Rap Workout,0.47,0.83,9,-5.35,1,0.115,0.00474,0.339,0.587,90.967,g funk|gangster rap|hip hop|rap|west coast rap,True,train
31VM9uxtem39xmT0dfDiSU,Muthaf**ka Up,Tyga,Gangster Rap Workout,0.59,0.542,9,-7.849,1,0.329,0.00152,0.364,0.48,122.482,dance pop|hip hop|pop rap|rap|trap,True,train
1XsIY6Pnj0xRZ84dHCXZfP,My Buddy,G-Unit,Gangster Rap Workout,0.599,0.929,6,-3.93,1,0.423,0.044,0.319,0.646,97.979,gangster rap|hardcore hip hop|hip hop|pop rap|queens hip hop|rap|southern hip hop|trap,True,train
3remNAnjEnr4QukFZJyMX6,Pandemonium (feat. Wale & Rick Ross),Meek Mill,Gangster Rap Workout,0.613,0.894,6,-3.908,0,0.292,0.114,0.265,0.759,160.09,hip hop|philly rap|pop rap|rap|southern hip hop|trap,True,train
4MxZW1XEcPuIZmkANsJabC,Party Up,DMX,Gangster Rap Workout,0.534,0.933,11,-3.282,1,0.366,0.0835,0.394,0.478,202.058,east coast hip hop|gangster rap|hardcore hip hop|hip hop|pop rap|rap|southern hip hop,True,train
6jCGzZn0gFeRlbqdaJhw6T,Party and Bullshit - 2008 Remaster,The Notorious B.I.G.,Gangster Rap Workout,0.433,0.862,1,-3.89,0,0.412,0.193,0.604,0.722,200.817,east coast hip hop|gangster rap|hardcore hip hop|hip hop|rap,True,train
7vwkKw2Xd7Pks1X712Au0T,Remember the Name (feat. Styles of Beyond),Fort Minor,Gangster Rap Workout,0.688,0.835,8,-4.162,1,0.0911,0.0583,0.0795,0.88,84.858,rap rock,True,train
0PrLodAzseOnN1EACxuAfV,Renegade,JAY-Z,Gangster Rap Workout,0.764,0.724,1,-4.748,0,0.368,0.441,0.177,0.826,84.797,east coast hip hop|hip hop|pop rap|rap,True,train
0Uk0IyLPghlYD4M3rniAmA,Ruff Ryders' Anthem,DMX,Gangster Rap Workout,0.86,0.793,10,-3.89,0,0.272,0.0437,0.0493,0.694,91.029,east coast hip hop|gangster rap|hardcore hip hop|hip hop|pop rap|rap|southern hip hop,True,train
32SFvZODywPBVDYSYtqxCj,Ruff Ryders' Anthem - Re-Recorded,DMX,Gangster Rap Workout,0.867,0.796,6,-4.73,1,0.0693,0.202,0.0838,0.776,92.766,east coast hip hop|gangster rap|hardcore hip hop|hip hop|pop rap|rap|southern hip hop,True,train
7uDGc9o2aRDrIwqrSgViDX,Runnin' (Dying To Live),2Pac,Gangster Rap Workout,0.544,0.805,10,-2.765,0,0.408,0.0497,0.145,0.668,166.061,g funk|gangster rap|hip hop|rap|west coast rap,True,train
3Uo9e1WaAuk4CEcSWIKxuj,Stunt 101,G-Unit,Gangster Rap Workout,0.729,0.766,9,-1.183,1,0.405,0.157,0.21,0.694,95.535,gangster rap|hardcore hip hop|hip hop|pop rap|queens hip hop|rap|southern hip hop|trap,True,train
1A35w9OSTTVXw3c6tj6AiV,Swagga Like Us - T.I. and Jay-Z feat. Kanye West and Lil' Wayne,T.I.,Gangster Rap Workout,0.58,0.817,4,-5.009,1,0.214,0.00163,0.118,0.238,89.008,atl hip hop|dance pop|dirty south rap|gangster rap|hip hop|pop rap|rap|southern hip hop|trap,True,test
1QTeMDnelf4xkKY5ONSnda,The City,The Game,Gangster Rap Workout,0.574,0.787,11,-4.147,0,0.398,0.176,0.0918,0.302,144.474,gangster rap|hip hop|pop rap|rap|southern hip hop|trap,True,train
0uPMnrUKbk2fjhv8uF8uPV,The Rain,DMX,Gangster Rap Workout,0.694,0.923,9,-1.963,0,0.0642,0.182,0.201,0.431,89.022,east coast hip hop|gangster rap|hardcore hip hop|hip hop|pop rap|rap|southern hip hop,True,train
4vC68M5G8aMAR3wsefrBnX,Thug 4 Life,2Pac,Gangster Rap Workout,0.924,0.791,0,-5.401,1,0.0681,0.279,0.0661,0.881,105.107,g funk|gangster rap|hip hop|rap|west coast rap,True,train
589Y5xhSccSNjd4qi9nktS,Top Down - Main,Swizz Beatz,Gangster Rap Workout,0.584,0.872,10,-3.477,0,0.0616,0.114,0.139,0.815,94.018,battle rap|hip pop|pop rap|rap|southern hip hop|trap,True,train
28jIn3exiIQxo2lLUlXQJs,Toss It Up,2Pac,Gangster Rap Workout,0.679,0.755,1,-4.062,0,0.33,0.0438,0.445,0.627,183.973,g funk|gangster rap|hip hop|rap|west coast rap,True,train
54hFBqrtiWfrh5WQJZwguj,Troublesome '96,2Pac,Gangster Rap Workout,0.865,0.924,1,-3.489,1,0.226,0.145,0.383,0.557,97.523,g funk|gangster rap|hip hop|rap|west coast rap,True,train
48tybOd2kxWaMjnYrEWTvY,Tupac Back (feat. Rick Ross),Meek Mill,Gangster Rap Workout,0.675,0.673,1,-4.033,0,0.358,0.0471,0.218,0.637,140.036,hip hop|philly rap|pop rap|rap|southern hip hop|trap,True,train
33CRyVka4ZEHeJ02w7nT2L,Vato,Snoop Dogg,Gangster Rap Workout,0.484,0.711,1,-4.584,1,0.239,0.142,0.378,0.46,90.961,g funk|gangster rap|hip hop|rap|west coast rap,True,test
6PM1sGUlHGCssd7nTPuuYa,We Right Here,DMX,Gangster Rap Workout,0.67,0.675,9,-5.637,1,0.196,0.00529,0.312,0.686,185.903,east coast hip hop|gangster rap|hardcore hip hop|hip hop|pop rap|rap|southern hip hop,True,test
74OqjT3PMVWlZAyqUt4FgG,We Takin' Over,DJ Khaled,Gangster Rap Workout,0.767,0.872,10,-4.25,0,0.0761,0.153,0.518,0.565,112.6,dance pop|hip hop|miami hip hop|pop|pop rap|rap|southern hip hop|trap,True,train
3V8zitLu3UTaYmflW0iCco,Welcome To My Hood,DJ Khaled,Gangster Rap Workout,0.598,0.7,8,-3.903,1,0.205,0.0074,0.281,0.558,139.48,dance pop|hip hop|miami hip hop|pop|pop rap|rap|southern hip hop|trap,True,train
7oW0rVleNLx2sSDbe5lLLy,Welcome To New York City,Cam’ron,Gangster Rap Workout,0.581,0.884,8,-5.512,1,0.315,0.0185,0.132,0.493,169.472,battle rap|east coast hip hop|gangster rap|hardcore hip hop|harlem hip hop|hip hop|hip pop|pop rap|rap|southern hip hop|trap,True,test
6uP0XLqjRqFx8HAfesdcAg,X Gon' Give It To Ya,DMX,Gangster Rap Workout,0.501,0.851,10,-5.111,0,0.292,0.0295,0.0775,0.627,95.058,east coast hip hop|gangster rap|hardcore hip hop|hip hop|pop rap|rap|southern hip hop,True,train
6AoYWCzsDls6c61Zp5qTuU,$ave Dat Money (feat. Fetty Wap & Rich Homie Quan),Lil Dicky,Hip Hop Controller,0.858,0.697,2,-5.361,1,0.23,0.114,0.224,0.364,98.012,comedy rap|pop rap|rap,True,train
4Sj8JZ9zZfl8HaOav5yTVq,1-800-273-8255,Logic,Hip Hop Controller,0.622,0.593,5,-7.755,0,0.0414,0.56,0.175,0.369,100.048,conscious hip hop|dmv rap|hip hop|pop rap|rap,True,train
0wdKiSBUT7aZkXUIdJWcwC,2 Phones,Kevin Gates,Hip Hop Controller,0.895,0.681,7,-5.267,0,0.358,0.157,0.189,0.554,121.918,baton rouge rap|pop rap|rap|southern hip hop|trap,True,test
3Z2sglqDj1rDRMF5x0Sz2R,3005,Childish Gambino,Hip Hop Controller,0.473,0.461,6,-6.474,0,0.333,0.149,0.0973,0.615,165.985,atl hip hop|hip hop|pop rap|rap,True,train
3e7Y6sfFlIdBMJhX7wpqVO,44 More,Logic,Hip Hop Controller,0.824,0.584,10,-7.098,0,0.221,0.0718,0.106,0.219,139.965,conscious hip hop|dmv rap|hip hop|pop rap|rap,True,train
5NQbUaeTEOGdD6hHcre0dZ,679 (feat. Remy Boyz),Fetty Wap,Hip Hop Controller,0.618,0.717,7,-5.738,1,0.318,0.00256,0.625,0.603,190.05,new jersey rap|pop rap|rap|southern hip hop|trap,True,train
5cgEadiGKjtTP1Q6NJqVP5,A-Team,Travis Scott,Hip Hop Controller,0.626,0.526,7,-4.112,0,0.0452,0.0485,0.107,0.17,127.977,rap,True,train
3ESSGgWzRf1xvP7G5hHMhB,Again,Fetty Wap,Hip Hop Controller,0.748,0.733,11,-4.421,0,0.072,0.0062,0.329,0.291,93.019,new jersey rap|pop rap|rap|southern hip hop|trap,True,train
0lwkTJnLBVWvEnxtku7Msy,Alright,Logic,Hip Hop Controller,0.807,0.693,11,-5.056,1,0.0481,0.0504,0.0762,0.142,127.035,conscious hip hop|dmv rap|hip hop|pop rap|rap,True,test
1wHZx0LgzFHyeIZkUydNXq,Antidote,Travis Scott,Hip Hop Controller,0.713,0.526,1,-5.046,1,0.032,0.00767,0.124,0.131,131.05,rap,True,train
5lFDtgWsjRJu8fPOAyJIAK,Back To Back,Drake,Hip Hop Controller,0.893,0.48,1,-3.728,0,0.356,0.00854,0.116,0.382,86.976,canadian hip hop|canadian pop|hip hop|pop rap|rap|toronto rap,True,train
0sr5LOMv4x0jmTYfe6oOvP,Back Up,DeJ Loaf,Hip Hop Controller,0.816,0.535,9,-8.302,1,0.338,0.147,0.176,0.435,80.012,detroit hip hop|pop r&b|pop rap|rap|trap|trap queen,True,test
2fQrGHiQOvpL9UgPvtYy6G,Bank Account,21 Savage,Hip Hop Controller,0.884,0.346,8,-8.228,0,0.351,0.0151,0.0871,0.376,75.016,atl hip hop|rap|trap,True,train
33JcUj9qQDayKswunZP9ar,Best Friend,Young Thug,Hip Hop Controller,0.959,0.598,8,-5.534,1,0.0713,0.0358,0.358,0.408,127.029,atl hip hop|atl trap|gangster rap|melodic rap|pop rap|rap|trap,True,train
1hsCcm0xujceILNvgRfrVB,Big Fish,Vince Staples,Hip Hop Controller,0.893,0.551,3,-5.878,0,0.341,0.455,0.351,0.697,99.986,conscious hip hop|escape room|hip hop|rap|southern hip hop|underground hip hop,True,train
1faIb3PPSzEifCHUOJ691R,Broke As Fuck,YBN Cordae,Hip Hop Controller,0.616,0.669,1,-5.791,1,0.32,0.0298,0.127,0.275,154.056,,False,train
7xq3uN2toVZ8IbNzfTucyJ,Calm Down,G-Eazy,Hip Hop Controller,0.537,0.624,11,-8.794,1,0.325,0.000175,0.116,0.409,102.315,hip hop|indie pop rap|oakland hip hop|pop rap|rap,True,train
5uDASfU19gDxSjW8cnCaBp,Chill Bill (feat. J. Davi$ & Spooks),Rob $tone,Hip Hop Controller,0.886,0.427,6,-10.028,1,0.145,0.0312,0.0906,0.23,108.034,san diego rap,True,train
1Ser4X0TKttOvo8bgdytTP,Come Get Her,Rae Sremmurd,Hip Hop Controller,0.689,0.564,2,-6.226,1,0.136,0.187,0.0721,0.123,185.023,hip hop|melodic rap|mississippi hip hop|pop rap|rap|southern hip hop|trap,True,train
2YK01AIIWuywG24gsbuizE,Congratulations - Remix,Post Malone,Hip Hop Controller,0.722,0.728,10,-4.458,0,0.0601,0.198,0.482,0.509,123.057,dfw rap|melodic rap|rap,True,train
15EPc80XuFrb2LmOzGjuRg,Crew (feat. Brent Faiyaz & Shy Glizzy),GoldLink,Hip Hop Controller,0.728,0.607,1,-8.417,0,0.132,0.133,0.0864,0.445,129.938,alternative r&b|dmv rap|hip hop|indie soul|rap|underground hip hop,True,train
4ntsD33Pgsgk8rUyZLLiUV,DEVASTATED,Joey Bada$$,Hip Hop Controller,0.812,0.628,10,-6.164,0,0.0682,0.0634,0.254,0.485,123.004,conscious hip hop|hip hop|rap|underground hip hop,True,train
3pXF1nA74528Edde4of9CC,Don't,Bryson Tiller,Hip Hop Controller,0.765,0.356,11,-5.556,0,0.196,0.222,0.0963,0.19,97.001,kentucky hip hop|pop|pop rap|r&b|rap|trap,True,train
3sz2fvkHUhBip8r9i8HqeV,Down For Me,G-Eazy,Hip Hop Controller,0.545,0.601,1,-7.85,0,0.298,0.0454,0.164,0.346,95.848,hip hop|indie pop rap|oakland hip hop|pop rap|rap,True,test
5hVghJ4KaYES3BFUATCYn0,EARFQUAKE,"Tyler, The Creator",Hip Hop Controller,0.554,0.498,9,-8.866,1,0.0685,0.23,0.795,0.413,79.635,hip hop|rap,True,train
7cGFbx7MP0H23iHZTZpqMM,Everybody,Logic,Hip Hop Controller,0.885,0.94,1,-5.908,1,0.0909,0.158,0.0675,0.77,110.005,conscious hip hop|dmv rap|hip hop|pop rap|rap,True,train
4EAV2cKiqKP5UPZmY6dejk,Everyday,Logic,Hip Hop Controller,0.667,0.741,1,-4.099,1,0.0378,0.0425,0.0761,0.422,149.908,conscious hip hop|dmv rap|hip hop|pop rap|rap,True,test
43PuMrRfbyyuz4QpZ3oAwN,Exchange,Bryson Tiller,Hip Hop Controller,0.53,0.433,6,-10.598,1,0.185,0.108,0.135,0.274,160.14,kentucky hip hop|pop|pop rap|r&b|rap|trap,True,train
4cM0qNo02rp56x7c6nlx6T,F.B.G.M.,T-Pain,Hip Hop Controller,0.689,0.657,5,-3.632,0,0.0394,0.127,0.166,0.234,77.509,dance pop|hip hop|pop|pop rap|r&b|rap|southern hip hop|trap|urban contemporary,True,train
4T0ScSPdQKmGvruK7pavNP,"Flex (Ooh, Ooh, Ooh)",Rich Homie Quan,Hip Hop Controller,0.726,0.607,2,-7.68,1,0.0498,0.0389,0.19,0.891,81.997,atl hip hop|gangster rap|hip hop|pop rap|rap|southern hip hop|trap,True,train
6HSqyfGnsHYw9MmIpa9zlZ,Forever,Drake,Hip Hop Controller,0.415,0.926,5,-1.304,0,0.374,0.253,0.256,0.542,158.423,canadian hip hop|canadian pop|hip hop|pop rap|rap|toronto rap,True,train
10Igtw8bSDyyFs7KIsKngZ,Freaky Friday (feat. Chris Brown),Lil Dicky,Hip Hop Controller,0.755,0.599,8,-5.042,1,0.224,0.147,0.109,0.755,133.123,comedy rap|pop rap|rap,True,test
7aeC8XRoU9s8b0OPUfUbtJ,Friends,Andy Mineo,Hip Hop Controller,0.683,0.664,0,-6.644,1,0.165,0.0217,0.347,0.444,148.808,christian hip hop|christian trap,True,train
2XW4DbS6NddZxRPm5rMCeY,God's Plan,Drake,Hip Hop Controller,0.758,0.448,7,-9.441,1,0.103,0.0309,0.558,0.373,77.176,canadian hip hop|canadian pop|hip hop|pop rap|rap|toronto rap,True,train
4aPB8rSxGFISs0o6V2LrTy,Gold Roses (feat. Drake),Rick Ross,Hip Hop Controller,0.581,0.642,1,-5.318,1,0.407,0.0519,0.183,0.536,80.142,dirty south rap|gangster rap|hip hop|pop rap|rap|southern hip hop|trap,True,train
7KXjTSCq5nL1LoYtL7XAwS,HUMBLE.,Kendrick Lamar,Hip Hop Controller,0.908,0.621,1,-6.638,0,0.102,0.000282,0.0958,0.421,150.011,conscious hip hop|hip hop|rap|west coast rap,True,train
11kWiaqMGj4BMv6syMEFT0,Heebiejeebies,Aminé,Hip Hop Controller,0.759,0.496,10,-7.639,0,0.173,0.374,0.11,0.56,107.082,hip hop|pop rap|portland hip hop|rap|underground hip hop,True,test
5de7ci7TFqbQ1PFgKAD7MR,"Horses (with PnB Rock, Kodak Black & A Boogie Wit da Hoodie)",PnB Rock,Hip Hop Controller,0.703,0.661,6,-3.885,1,0.0539,0.0517,0.34,0.495,149.906,melodic rap|pop rap|rap|trap,True,train
5N1o6d8zGcSZSeMFkOUQOk,Hot Girl Summer (feat. Nicki Minaj & Ty Dolla $ign),Megan Thee Stallion,Hip Hop Controller,0.872,0.814,0,-4.568,1,0.155,0.00485,0.214,0.57,98.985,houston rap|pop|pop rap|trap queen,True,train
19gEmPjfqSZT0ulDRfjl0m,Hot N*gga,Bobby Shmurda,Hip Hop Controller,0.794,0.51,9,-7.314,1,0.42,0.0505,0.0562,0.18,167.879,nyc rap|trap,True,train
7p54iuWHqvdeN224OglZ9t,I Don't Fuck With You,Big Sean,Hip Hop Controller,0.82,0.723,1,-5.505,1,0.0656,0.0327,0.347,0.417,97.98,detroit hip hop|hip hop|pop rap|rap|southern hip hop|trap,True,train
6jmTHeoWvBaSrwWttr8Xvu,I Mean It (feat. Remo),G-Eazy,Hip Hop Controller,0.712,0.562,10,-6.008,1,0.129,0.125,0.136,0.142,140.0,hip hop|indie pop rap|oakland hip hop|pop rap|rap,True,train
2rmq49FcJ4U3wh1Z7C9UxE,IV. Sweatpants,Childish Gambino,Hip Hop Controller,0.644,0.479,4,-8.352,1,0.177,0.169,0.639,0.612,79.929,atl hip hop|hip hop|pop rap|rap,True,train
6KCt9V6Lev0M04rFUj8ANC,Ice (feat. Gunna & Lil Baby),Gucci Mane,Hip Hop Controller,0.861,0.52,10,-5.498,0,0.472,0.193,0.109,0.384,153.899,atl hip hop|dirty south rap|gangster rap|hip hop|pop rap|rap|southern hip hop|trap,True,test
7tbyiwnLhtKYXNMjCZ60BT,Intro,Quality Control,Hip Hop Controller,0.88,0.569,2,-5.497,1,0.274,0.141,0.673,0.141,137.024,hip hop|melodic rap|pop rap|rap|southern hip hop|trap,True,train
6H0AwSQ20mo62jGlPGB8S6,It's A Vibe,2 Chainz,Hip Hop Controller,0.822,0.505,7,-7.384,1,0.147,0.0317,0.114,0.523,73.003,atl hip hop|gangster rap|hip hop|pop rap|rap|southern hip hop|trap,True,train
27GmP9AWRs744SzKcpJsTZ,Jumpman,Drake,Hip Hop Controller,0.852,0.553,1,-7.286,1,0.187,0.0563,0.332,0.656,142.072,canadian hip hop|canadian pop|hip hop|pop rap|rap|toronto rap,True,train
6bZB5IW4W9qFDbnD2kJJou,Keepin it movin am & guv demo.mp3,Andy Mineo,Hip Hop Controller,0.926,0.661,4,-5.688,0,0.121,0.313,0.115,0.561,129.969,christian hip hop|christian trap,True,train
1jo3TwNGCXfNdB5uba3ZVv,Killshot,Eminem,Hip Hop Controller,0.892,0.651,0,-8.645,0,0.378,0.0989,0.371,0.599,105.814,detroit hip hop|hip hop|rap,True,train
6PGoSes0D9eUDeeAafB2As,LOVE. FEAT. ZACARI.,Kendrick Lamar,Hip Hop Controller,0.8,0.585,10,-7.343,1,0.0924,0.264,0.153,0.779,126.058,conscious hip hop|hip hop|rap|west coast rap,True,train
6SwRhMLwNqEi6alNPVG00n,LOYALTY. FEAT. RIHANNA.,Kendrick Lamar,Hip Hop Controller,0.658,0.535,9,-8.983,0,0.0573,0.0265,0.2,0.419,110.684,conscious hip hop|hip hop|rap|west coast rap,True,test
0egGmGkZ8maYdEYo4RrVsZ,Lemme Freak,Lil Dicky,Hip Hop Controller,0.8,0.656,5,-5.874,0,0.114,0.0144,0.354,0.436,119.921,comedy rap|pop rap|rap,True,test
7DTlsMOQjGysXHpwwpHuPl,Lifestyle,Rich Gang,Hip Hop Controller,0.546,0.667,1,-5.236,1,0.274,0.0152,0.0895,0.471,87.666,rap|southern hip hop|trap,True,train
1WIfWj5skn5UUZTs4cEFBe,Location,Khalid,Hip Hop Controller,0.799,0.436,1,-9.975,0,0.379,0.283,0.0968,0.311,80.028,alternative r&b|pop,True,train
71SDPonZOsIKNtqnaX8LXj,Low Life,Future,Hip Hop Controller,0.722,0.331,8,-7.789,1,0.0725,0.337,0.146,0.102,143.974,atl hip hop|pop rap|rap|southern hip hop|trap,True,train
6hVGw7yVUd2bpdHMPCWrtN,March Madness,Future,Hip Hop Controller,0.406,0.661,8,-5.142,1,0.311,0.173,0.101,0.335,180.206,atl hip hop|pop rap|rap|southern hip hop|trap,True,train
3rOSwuTsUlJp0Pu0MkN8r8,Mask Off,Future,Hip Hop Controller,0.833,0.434,2,-8.795,1,0.431,0.0102,0.165,0.281,150.062,atl hip hop|pop rap|rap|southern hip hop|trap,True,train
0NBiC3zLXoBQXBjsbnbwJq,Molly (feat. Brendon Urie of Panic at the Disco),Lil Dicky,Hip Hop Controller,0.831,0.514,7,-6.695,1,0.0368,0.203,0.115,0.397,114.94,comedy rap|pop rap|rap,True,test
5ry2OE6R2zPQFDO85XkgRb,Money In The Grave (Drake ft. Rick Ross),Drake,Hip Hop Controller,0.831,0.502,10,-4.045,0,0.046,0.101,0.122,0.101,100.541,canadian hip hop|canadian pop|hip hop|pop rap|rap|toronto rap,True,test
1cTZMwcBJT0Ka3UJPXOeeN,Nice For What,Drake,Hip Hop Controller,0.567,0.913,8,-6.471,1,0.0736,0.0934,0.114,0.792,93.35,canadian hip hop|canadian pop|hip hop|pop rap|rap|toronto rap,True,train
34oWbFBfGEElvgO0a5c9V4,No Flockin',Kodak Black,Hip Hop Controller,0.943,0.595,5,-8.372,0,0.191,0.0673,0.0839,0.815,117.532,florida rap|hip hop|melodic rap|miami hip hop|rap|southern hip hop|trap,True,train
62vpWI1CHwFy7tMIcSStl8,No Role Modelz,J. Cole,Hip Hop Controller,0.696,0.521,10,-8.465,0,0.332,0.302,0.0565,0.458,100.0,conscious hip hop|hip hop|north carolina hip hop|rap,True,test
4uQ7wYsuL0DryknoDc11Hk,Norf Norf,Vince Staples,Hip Hop Controller,0.925,0.548,7,-6.572,1,0.0658,0.394,0.11,0.0922,100.015,conscious hip hop|escape room|hip hop|rap|southern hip hop|underground hip hop,True,train
28FGV3ORH14MYORd7s5dlU,Not Alike (feat. Royce Da 5'9),Eminem,Hip Hop Controller,0.904,0.756,10,-3.746,1,0.32,0.0692,0.339,0.342,140.005,detroit hip hop|hip hop|rap,True,train
0D21XvHcVsIvJM6FcGY2BT,OOOUUU,Young M.A,Hip Hop Controller,0.64,0.819,7,-4.108,1,0.455,0.533,0.156,0.623,166.012,hip hop|lgbtq+ hip hop|nyc rap|pop rap|rap|trap,True,train
6hYdhO1BF8V03tuF8pADKP,"Or Nah (feat. Wiz Khalifa) - Live at the Village, Los Angeles, CA",Ty Dolla $ign,Hip Hop Controller,0.703,0.423,8,-8.589,0,0.0406,0.0385,0.0476,0.265,121.991,hip hop|pop|pop rap|r&b|trap|trap soul,True,train
3ncgNpxLoBQ65ABk4djDyd,PICK IT UP (feat. A$AP Rocky),Famous Dex,Hip Hop Controller,0.921,0.467,1,-8.443,1,0.119,0.0149,0.334,0.287,135.995,chicago rap|drill|hip hop|pop rap|rap|southern hip hop|trap|underground hip hop|vapor trap,True,train
2P3SLxeQHPqh8qKB6gtJY2,Poetic Justice,Kendrick Lamar,Hip Hop Controller,0.779,0.572,6,-9.985,0,0.378,0.157,0.246,0.647,135.956,conscious hip hop|hip hop|rap|west coast rap,True,train
1xbtojAZsQjOgiGdGX6ChU,Ransom,Lil Tecca,Hip Hop Controller,0.745,0.642,7,-6.257,0,0.287,0.0204,0.0658,0.226,179.974,melodic rap|rap|trap,True,train
4RVbK6cV0VqWdpCDcx3hiT,Reborn,KIDS SEE GHOSTS,Hip Hop Controller,0.585,0.597,0,-7.499,1,0.037,0.339,0.195,0.227,100.051,hip hop|rap|underground hip hop,True,test
6HK4YGOpZr1ost68QP3ul0,Ride Slow,Russ,Hip Hop Controller,0.737,0.429,4,-10.252,0,0.0785,0.632,0.104,0.147,99.955,hawaiian hip hop|pop rap|rap,True,train
4ak7xjvBeBOcJGWFDX9w5n,Rodeo,Lil Nas X,Hip Hop Controller,0.706,0.679,9,-5.614,1,0.0324,0.139,0.465,0.657,140.081,country rap|lgbtq+ hip hop|pop rap|queer country,True,test
0taOCiup4HNG9LmbduVlJj,Rubbin Off The Paint,YBN Nahmir,Hip Hop Controller,0.721,0.711,7,-9.294,1,0.293,0.000662,0.347,0.511,107.998,alabama rap|rap|trap|underground hip hop|vapor trap|viral rap,True,train
3XiNC94b4Tq1xwv70sQJGN,Sanguine Paradise,Lil Uzi Vert,Hip Hop Controller,0.729,0.603,6,-6.736,0,0.0666,0.0948,0.113,0.207,134.972,melodic rap|philly rap|rap|trap,True,train
610BVUQMZpmt3eROWX9ZC1,Say It,Tory Lanez,Hip Hop Controller,0.558,0.521,11,-10.125,0,0.0551,0.0874,0.21,0.287,107.299,canadian hip hop|melodic rap|pop rap|rap|toronto rap|trap,True,train
029QP3fFtLaW9B9RKr8DAg,Say My Name,Lil Yachty,Hip Hop Controller,0.798,0.553,10,-6.296,0,0.348,0.102,0.113,0.158,144.052,atl hip hop|hip hop|melodic rap|rap|southern hip hop|trap|underground hip hop,True,train
29gsi1zZrZxdStACmTQB0Z,Studio,ScHoolboy Q,Hip Hop Controller,0.709,0.589,8,-7.776,0,0.0433,0.0507,0.0585,0.58,133.922,gangster rap|hip hop|pop rap|rap|southern hip hop|trap|underground hip hop,True,test
73WVn9jXiLvjO0jq6x4hYX,Sub Me In,Futuristic,Hip Hop Controller,0.67,0.868,10,-6.738,0,0.202,0.177,0.666,0.679,140.236,deep underground hip hop|indie pop rap|pop rap|rap|underground hip hop,True,train
2gwkD6igEhQbDQegRCcdoB,Suge,DaBaby,Hip Hop Controller,0.876,0.662,2,-6.482,0,0.426,0.0608,0.127,0.844,75.445,north carolina hip hop|rap,True,test
59oP06RoBps6bvbvSQ1Zee,Swish,Mike Stud,Hip Hop Controller,0.905,0.575,1,-8.64,1,0.0881,0.067,0.0602,0.365,115.031,,False,train
5rU6kDNXZLXIinFezpbWbO,Tap (feat. Meek Mill),NAV,Hip Hop Controller,0.901,0.676,2,-7.033,1,0.251,0.0646,0.0863,0.452,85.018,canadian hip hop|melodic rap|pop rap|rap|toronto rap|trap,True,train
7DcvwMAiqKJQD1rrdfxSDx,The London (feat. J. Cole & Travis Scott),Young Thug,Hip Hop Controller,0.796,0.586,4,-6.946,0,0.147,0.0247,0.132,0.179,97.981,atl hip hop|atl trap|gangster rap|melodic rap|pop rap|rap|trap,True,train
5tsI3xxDHDgzHhn30LTQNz,These Days,Mike Stud,Hip Hop Controller,0.815,0.364,2,-11.158,1,0.375,0.533,0.108,0.328,129.937,,False,train
3NJG6vMH1ZsectZkocMEm0,Tiimmy Turner,Desiigner,Hip Hop Controller,0.602,0.725,6,-3.054,1,0.0393,0.174,0.0786,0.304,122.803,pop rap|rap|trap|underground hip hop|viral trap,True,test
5is0hEWWStAbbHCjWyoxq2,Too Young,Post Malone,Hip Hop Controller,0.637,0.67,11,-5.484,0,0.048,0.254,0.0829,0.227,122.999,dfw rap|melodic rap|rap,True,train
55Q46o5adtSobImSKrrlqW,Top,Lil Uzi Vert,Hip Hop Controller,0.776,0.762,0,-4.356,1,0.216,0.193,0.18,0.678,120.039,melodic rap|philly rap|rap|trap,True,train
5hfpu8saHLGedbHRtNCYjm,Trap Paris (feat. Quavo & Ty Dolla $ign),Machine Gun Kelly,Hip Hop Controller,0.967,0.646,4,-4.818,0,0.0593,0.0242,0.0916,0.2,124.994,ohio hip hop|pop rap,True,train
4URQKHMxklDp1WQY0c6lZu,Tunnel Vision,Kodak Black,Hip Hop Controller,0.639,0.486,11,-7.761,0,0.227,0.0603,0.121,0.227,171.896,florida rap|hip hop|melodic rap|miami hip hop|rap|southern hip hop|trap,True,train
5u5VZaUmYMZiFed9jFWebf,Valet (feat. Fetty Wap and 2 Chainz),Eric Bellinger,Hip Hop Controller,0.747,0.538,1,-5.217,1,0.044,0.0333,0.116,0.338,93.937,alternative r&b|dance pop|pop|pop r&b|pop rap|r&b|rap|trap|urban contemporary,True,train
1lAgtcp1KQRQS10m2yCgvm,Wavy (feat. Joe Moses),Ty Dolla $ign,Hip Hop Controller,0.511,0.491,11,-8.322,1,0.207,0.105,0.114,0.711,103.961,hip hop|pop|pop rap|r&b|trap|trap soul,True,train
6GnhWMhgJb7uyiiPEiEkDA,Weekend (feat. Miguel),Mac Miller,Hip Hop Controller,0.843,0.435,8,-8.442,1,0.178,0.47,0.147,0.19,120.058,hip hop|pittsburgh rap|pop rap|rap,True,train
2N0NifjyXAdMOB4KBGvBJ6,White Iverson,Post Malone,Hip Hop Controller,0.669,0.521,7,-8.732,1,0.0366,0.236,0.0802,0.327,130.071,dfw rap|melodic rap|rap,True,test
2eMwDehkIC1j68U6FA3Eiq,XO TOUR Llif3,Lil Uzi Vert,Hip Hop Controller,0.732,0.75,11,-6.366,0,0.231,0.00264,0.109,0.401,155.096,melodic rap|philly rap|rap|trap,True,train
6CUBgX8bXC5YQCkdgRHqyg,do re mi,blackbear,Hip Hop Controller,0.745,0.595,8,-6.35,1,0.0486,0.00483,0.125,0.169,110.966,pop|pop rap,True,train
6gBFPUFcJLzWGx4lenP6h2,goosebumps,Travis Scott,Hip Hop Controller,0.841,0.728,7,-3.37,1,0.0484,0.0847,0.149,0.43,130.049,rap,True,train
3CLd7BfvgsBwBUI8kwFLU6,iSpy (feat. Kodak Black),KYLE,Hip Hop Controller,0.776,0.724,7,-4.874,1,0.216,0.455,0.109,0.677,74.987,pop rap|rap,True,train
4dfCW8ynuItQ9ABweWyl4C,oui,Jeremih,Hip Hop Controller,0.418,0.687,5,-4.293,1,0.105,0.202,0.111,0.549,79.449,chicago rap|dance pop|hip hop|pop|pop rap|r&b|southern hip hop|trap|urban contemporary,True,train
1OmcAT5Y8eg5bUPv9qJT4R,rockstar,Post Malone,Hip Hop Controller,0.58,0.531,5,-6.631,0,0.0776,0.128,0.143,0.141,159.786,dfw rap|melodic rap|rap,True,train
2ONFCvnI85yGmDhXT8HyXj,wokeuplikethis* (feat. lil uzi vert),Playboi Carti,Hip Hop Controller,0.783,0.59,8,-8.067,1,0.266,0.0255,0.123,0.425,78.494,atl hip hop|hip hop|rap|trap|underground hip hop,True,test
7kBdenpTmgWfAz9clmBcok,#1 Stunna,Big Tymers,Hip-Hop Drive,0.552,0.842,8,-4.961,1,0.285,0.0176,0.258,0.561,89.017,crunk|dirty south rap|gangster rap|hip hop|new orleans rap|pop rap|rap|southern hip hop|trap,True,train
41bIQPBE1lFN0mmw6Lmssz,21 Questions,50 Cent,Hip-Hop Drive,0.576,0.807,6,-3.908,0,0.317,0.353,0.0512,0.908,90.012,east coast hip hop|gangster rap|hip hop|pop rap|queens hip hop|rap,True,train
6ScJMrlpiLfZUGtWp4QIVt,A Milli,Lil Wayne,Hip-Hop Drive,0.673,0.695,6,-8.636,0,0.278,0.0387,0.194,0.774,151.468,hip hop|new orleans rap|pop rap|rap|trap,True,train
6cnufgF6qLJGZT2PRFZBr1,Ain't I - main voc up,Yung L.A.,Hip-Hop Drive,0.662,0.827,11,-3.095,1,0.083,0.151,0.0908,0.58,77.511,atl hip hop|dirty south rap|pop rap|rap|southern hip hop|trap,True,train
7kAFSrTIOiVZ0gnHBuAH3l,Air Force Ones,Nelly,Hip-Hop Drive,0.784,0.459,4,-9.74,0,0.317,0.0847,0.079,0.618,164.062,dance pop|hip hop|pop rap|rap|southern hip hop|st louis rap|urban contemporary,True,train
2cYZpcIV39X48RnOFM7w2V,All Falls Down,Kanye West,Hip-Hop Drive,0.643,0.717,8,-4.876,0,0.506,0.184,0.152,0.46,90.893,chicago rap|rap,True,train
3ssX20QT5c3nA9wk78V1LQ,Ambitionz Az A Ridah,2Pac,Hip-Hop Drive,0.801,0.908,2,-6.554,1,0.221,0.00253,0.0698,0.805,87.279,g funk|gangster rap|hip hop|rap|west coast rap,True,train
1xixUOjgdqMOPZxursTms3,Anything,JAY-Z,Hip-Hop Drive,0.803,0.749,10,-5.953,1,0.219,0.0615,0.0694,0.901,81.503,east coast hip hop|hip hop|pop rap|rap,True,train
1GxHeBvQ9935Dd3cSfsfBa,Best I Ever Had,Drake,Hip-Hop Drive,0.431,0.894,5,-2.673,0,0.33,0.0951,0.188,0.604,162.193,canadian hip hop|canadian pop|hip hop|pop rap|rap|toronto rap,True,train
2aIdVb8v9KTpEZnftkz2mD,Buy U a Drank (Shawty Snappin'),T-Pain,Hip-Hop Drive,0.451,0.55,1,-8.137,1,0.262,0.0108,0.0737,0.594,80.001,dance pop|hip hop|pop|pop rap|r&b|rap|southern hip hop|trap|urban contemporary,True,train
4ImL3v98u2BLkwnyQDjfRm,Can't Tell Me Nothing,Kanye West,Hip-Hop Drive,0.594,0.614,5,-6.091,0,0.0536,0.0121,0.823,0.101,79.968,chicago rap|rap,True,train
2Lg4kvhOrPhpGEZmSe7VAN,Country Grammar (Hot Shit),Nelly,Hip-Hop Drive,0.872,0.673,2,-6.879,1,0.108,0.00802,0.155,0.527,162.781,dance pop|hip hop|pop rap|rap|southern hip hop|st louis rap|urban contemporary,True,train
66TRwr5uJwPt15mfFkzhbi,Crank That (Soulja Boy),Soulja Boy,Hip-Hop Drive,0.736,0.74,0,-2.18,1,0.0786,0.515,0.0468,0.803,140.141,atl hip hop|dance pop|dirty south rap|pop rap|rap|southern hip hop|trap,True,train
5VkuqayHiiU5ZHyYEH4Oeb,Dear Summer,Memphis Bleek,Hip-Hop Drive,0.548,0.892,6,-4.403,0,0.597,0.0838,0.0842,0.671,172.248,east coast hip hop|gangster rap|hardcore hip hop|hip hop|hip pop|pop rap|rap|southern hip hop,True,train
59xyRqG06dGbTmmJFVFbyQ,Dem Boyz,Boyz N Da Hood,Hip-Hop Drive,0.782,0.63,1,-5.683,1,0.162,0.00161,0.151,0.295,78.516,atl hip hop|dirty south rap|gangster rap|pop rap|rap|southern hip hop|trap,True,train
5mEwhCsqadBZIE7SSrv1gC,Down And Out,Cam’ron,Hip-Hop Drive,0.74,0.841,6,-2.891,0,0.237,0.023,0.112,0.673,83.007,battle rap|east coast hip hop|gangster rap|hardcore hip hop|harlem hip hop|hip hop|hip pop|pop rap|rap|southern hip hop|trap,True,train
4UNhyW0R7qylxrF6Z0q2Tb,Freek-A-Leek,Petey Pablo,Hip-Hop Drive,0.737,0.697,2,-3.716,1,0.254,0.0756,0.359,0.662,104.917,crunk|dirty south rap|gangster rap|hip pop|north carolina hip hop|pop rap|southern hip hop,True,train
3iUnagQlUtjjCNQ3us3lPi,Go Crazy (Remix),Jeezy,Hip-Hop Drive,0.396,0.896,4,-4.398,0,0.396,0.0309,0.207,0.632,86.882,atl hip hop|crunk|dirty south rap|gangster rap|hip hop|pop rap|rap|southern hip hop|trap,True,test
1fLdeDTrJWNkwOeFyAVLvF,Good Life,Kanye West,Hip-Hop Drive,0.435,0.802,1,-6.871,1,0.324,0.00376,0.467,0.454,84.267,chicago rap|rap,True,train
7cFpB4ozcSwXuhqjvNbrbP,Good Times,Styles P,Hip-Hop Drive,0.697,0.761,11,-7.647,0,0.302,0.157,0.789,0.666,81.728,alternative hip hop|battle rap|east coast hip hop|gangster rap|hardcore hip hop|hip hop|pop rap|rap|southern hip hop|trap,True,train
7fnY0ec4B3SbcsJoaIIXIa,Grillz - Dirty,Nelly,Hip-Hop Drive,0.864,0.5,7,-7.783,1,0.25,0.0358,0.199,0.845,82.995,dance pop|hip hop|pop rap|rap|southern hip hop|st louis rap|urban contemporary,True,train
2e9EZ2V5QGGZPMJacO3y0Y,Grove St. Party (feat. Kebo Gotti),Waka Flocka Flame,Hip-Hop Drive,0.705,0.702,0,-4.783,0,0.108,0.138,0.364,0.771,140.059,,False,train
3XQY8kDjI8LARMIC9xkxQk,Hard in Da Paint,Waka Flocka Flame,Hip-Hop Drive,0.611,0.66,11,-5.883,1,0.0839,0.198,0.365,0.583,71.544,,False,train
60WcXjimfbhk6T0gj1Eufg,Hate It Or Love It,The Game,Hip-Hop Drive,0.802,0.785,9,-4.781,1,0.207,0.14,0.123,0.435,99.998,gangster rap|hip hop|pop rap|rap|southern hip hop|trap,True,test
0Uhnzk5zI46IRlQ04LNOtc,Hey Ma,Cam’ron,Hip-Hop Drive,0.791,0.666,8,-5.484,1,0.341,0.0256,0.0796,0.938,90.345,battle rap|east coast hip hop|gangster rap|hardcore hip hop|harlem hip hop|hip hop|hip pop|pop rap|rap|southern hip hop|trap,True,test
323Tzd2yjV4pifrVAajafb,Hood Nigga,Gorilla Zoe,Hip-Hop Drive,0.875,0.732,1,-5.135,1,0.0635,0.0198,0.11,0.159,87.142,atl hip hop|crunk|dirty south rap|gangster rap|pop rap|rap|southern hip hop|trap,True,train
3LN41NUdHkyNqQhi9gExMm,Hypnotized (feat. Akon),Plies,Hip-Hop Drive,0.84,0.571,10,-7.421,1,0.0797,0.16,0.406,0.617,116.59,dirty south rap|gangster rap|hip hop|miami hip hop|pop r&b|pop rap|rap|southern hip hop|trap|urban contemporary,True,train
4IYKjN1DrYzxKXt0umJqsG,I Got 5 On It,Luniz,Hip-Hop Drive,0.6,0.706,10,-7.899,0,0.361,0.209,0.125,0.58,173.926,g funk|gangster rap|hyphy|oakland hip hop|west coast rap,True,train
25CnqAR7fzAQbb2SVoSa0b,I Need A Hot Girl,Hot Boys,Hip-Hop Drive,0.815,0.797,2,-6.304,1,0.186,0.0557,0.641,0.65,96.006,deep southern trap|dirty south rap|gangster rap|new orleans rap|trap,True,train
6Wt5QBzHp9vdSLAFlvdnDQ,"I Need a Girl, Pt. 2 (feat. Loon, Ginuwine & Mario Winans)",Diddy,Hip-Hop Drive,0.713,0.471,1,-7.392,0,0.483,0.421,0.0308,0.781,199.765,dance pop|east coast hip hop|hip hop|hip pop|pop rap|r&b|rap,True,train
0F7rEdewJ6cSLylOZZpDu7,I'm Sprung,T-Pain,Hip-Hop Drive,0.722,0.329,0,-11.617,0,0.108,0.088,0.081,0.166,99.991,dance pop|hip hop|pop|pop rap|r&b|rap|southern hip hop|trap|urban contemporary,True,train
5h21AlYy4mgHfQp9jUAUGi,I'm a King,P$C,Hip-Hop Drive,0.73,0.483,0,-8.959,1,0.327,0.0428,0.103,0.535,168.049,atl hip hop|hip hop|rap|trap|underground hip hop,True,train
3lwMGZ9M5Gq4usaZZLV4NK,Ice Cream Paint Job,Dorrough Music,Hip-Hop Drive,0.849,0.59,0,-8.367,1,0.428,0.000545,0.343,0.656,180.026,dfw rap|dirty south rap|pop rap|southern hip hop|trap,True,test
5Mcvgt2GbxxCp6cz3Kfjey,In Da Club,50 Cent,Hip-Hop Drive,0.906,0.663,11,-3.955,0,0.355,0.325,0.0883,0.847,90.042,east coast hip hop|gangster rap|hip hop|pop rap|queens hip hop|rap,True,train
65D95SmygxGCQGiI64eaZf,Independent (feat. Lil' Boosie and Lil' Phat),Webbie,Hip-Hop Drive,0.725,0.431,1,-5.988,0,0.0707,0.00113,0.14,0.199,174.083,baton rouge rap|crunk|deep southern trap|dirty south rap|gangster rap|pop rap|rap|southern hip hop|trap,True,test
05Sgj1Hx03ZXc57gsV1kfX,It's Goin' Down (feat. Nitti),Yung Joc,Hip-Hop Drive,0.888,0.577,1,-7.702,0,0.0612,0.0986,0.131,0.609,84.003,atl hip hop|crunk|dirty south rap|gangster rap|pop rap|rap|southern hip hop|trap,True,test
62r62ArmWq38cu6QCVgyTc,Jesus Walks,Kanye West,Hip-Hop Drive,0.427,0.844,3,-4.597,0,0.427,0.578,0.284,0.716,85.346,chicago rap|rap,True,train
68IM0wOuxlrbwk0zgmi9dk,Just A Lil Bit,50 Cent,Hip-Hop Drive,0.724,0.692,1,-6.75,1,0.324,0.0397,0.314,0.532,96.937,east coast hip hop|gangster rap|hip hop|pop rap|queens hip hop|rap,True,test
25YwwruYRtxe6RQdKtrZFS,Karma,Lloyd Banks,Hip-Hop Drive,0.605,0.829,10,-2.377,0,0.444,0.0392,0.196,0.708,176.103,gangster rap|hardcore hip hop|hip hop|pop rap|queens hip hop|rap|trap,True,train
0LVghzBGRulc2TX9HFLYBl,Kiss Me Thru The Phone,Soulja Boy,Hip-Hop Drive,0.757,0.719,7,-3.797,1,0.108,0.0192,0.084,0.814,150.011,atl hip hop|dance pop|dirty south rap|pop rap|rap|southern hip hop|trap,True,train
0RZXNlGPvfMo54fd6uCvAT,Knuck If You Buck (feat. Lil' Scrappy),Crime Mob,Hip-Hop Drive,0.865,0.844,8,-4.946,1,0.311,0.0582,0.373,0.755,150.09,atl hip hop|crunk|dirty south rap|gangster rap|hip pop|pop rap|rap|southern hip hop|trap,True,test
2ajhenDRiiAnCHHjsIOHhJ,Laffy Taffy,D4L,Hip-Hop Drive,0.891,0.439,7,-7.994,0,0.428,0.0351,0.0932,0.622,77.499,atl hip hop|crunk|dirty south rap|gangster rap|pop rap|rap|southern hip hop|trap,True,train
7cVmKBwzPsh4Fmb6SplfEm,"Lean Wit It, Rock Wit It",Dem Franchize Boyz,Hip-Hop Drive,0.886,0.62,5,-5.854,1,0.307,0.082,0.1,0.6,76.035,atl hip hop|crunk|dirty south rap|gangster rap|pop rap|rap|southern hip hop|trap,True,train
0hmQY8NW6hNQWfkvZsa1e9,Lemonade,Gucci Mane,Hip-Hop Drive,0.741,0.658,7,-7.758,1,0.0853,0.643,0.307,0.746,142.057,atl hip hop|dirty south rap|gangster rap|hip hop|pop rap|rap|southern hip hop|trap,True,train
0YUrjFy4qFKOO5NhM9tYdV,Locked Up,Akon,Hip-Hop Drive,0.828,0.58,7,-4.395,1,0.0941,0.0255,0.103,0.407,89.973,dance pop,True,train
4P7VFiaZb3xrXoqGwZXC3J,Lollipop,Lil Wayne,Hip-Hop Drive,0.829,0.428,0,-9.469,1,0.083,0.055,0.137,0.448,148.077,hip hop|new orleans rap|pop rap|rap|trap,True,train
0YkJU6TjjwzsVXUPRIO0DB,Make Me Better,Fabolous,Hip-Hop Drive,0.607,0.599,11,-6.886,1,0.0995,0.33,0.199,0.562,86.491,dance pop|gangster rap|hip hop|hip pop|pop rap|r&b|rap|trap|urban contemporary,True,train
4gaz3uvhKgO078XcdzyPsl,Money To Blow - Street Version,Birdman,Hip-Hop Drive,0.708,0.578,6,-8.686,1,0.0631,0.0095,0.353,0.696,133.03,dirty south rap|gangster rap|hip hop|pop rap|rap|southern hip hop,True,train
6YTp4sUEi3oWNToQvOjke6,Money in the Bank (feat. Young Buck) - Remix,Lil Scrappy,Hip-Hop Drive,0.88,0.693,1,-5.201,1,0.332,0.0599,0.248,0.767,75.603,atl hip hop|crunk|dirty south rap|gangster rap|pop rap|rap|southern hip hop|trap|wrestling,True,train
4kmIO0yPq92dXtKCL28RfC,Never Scared (feat. Killer Mike & T.I.) - Club Mix,Bone Crusher,Hip-Hop Drive,0.586,0.927,11,-4.077,0,0.194,0.00924,0.344,0.528,73.023,atl hip hop|crunk|dirty south rap|gangster rap|pop rap|southern hip hop|trap,True,train
0EgigrGFGb4PHaVNb7fgK7,No Problem,Lil Scrappy,Hip-Hop Drive,0.858,0.731,1,-7.224,1,0.237,0.053,0.15,0.139,85.984,atl hip hop|crunk|dirty south rap|gangster rap|pop rap|rap|southern hip hop|trap|wrestling,True,train
0UNTBB02C1aB55Fu4H63qd,One Call Away,Chingy,Hip-Hop Drive,0.765,0.821,4,-5.926,0,0.183,0.0918,0.217,0.962,162.519,crunk|dance pop|dirty south rap|gangster rap|hip hop|hip pop|pop rap|rap|southern hip hop|urban contemporary,True,train
6BdgtqiV3oXNqBikezwdvC,Over,Drake,Hip-Hop Drive,0.35,0.845,7,-5.614,1,0.2,0.0107,0.123,0.45,99.643,canadian hip hop|canadian pop|hip hop|pop rap|rap|toronto rap,True,train
2tOZtdbkAMQASWokLvSlzj,Overnight Celebrity,Twista,Hip-Hop Drive,0.828,0.792,10,-5.435,0,0.179,0.182,0.281,0.777,134.199,chicago rap|dance pop|dirty south rap|gangster rap|hip hop|pop rap|rap|trap|urban contemporary,True,test
0OvwzS8FX73Bw7ykMRmffU,Put It On Me,Ja Rule,Hip-Hop Drive,0.831,0.79,1,-4.714,0,0.165,0.0024,0.0515,0.791,93.14,dance pop|east coast hip hop|gangster rap|hip hop|hip pop|pop rap|queens hip hop|rap|urban contemporary,True,train
06iMqWThw4w8fTFyccvOwr,Ride Wit Me,Nelly,Hip-Hop Drive,0.854,0.692,7,-6.625,1,0.0479,0.0668,0.247,0.753,101.865,dance pop|hip hop|pop rap|rap|southern hip hop|st louis rap|urban contemporary,True,train
0l3GEbH3CviUytD6iX4wzg,Right Thurr,Chingy,Hip-Hop Drive,0.866,0.749,2,-3.977,1,0.253,0.15,0.0614,0.891,92.074,crunk|dance pop|dirty south rap|gangster rap|hip hop|hip pop|pop rap|rap|southern hip hop|urban contemporary,True,train
46XvcuEZFFInDilbYUNHBn,Say I Yi Yi,Ying Yang Twins,Hip-Hop Drive,0.782,0.627,8,-6.509,0,0.115,0.00233,0.201,0.485,94.967,atl hip hop|crunk|dance pop|dirty south rap|gangster rap|hip hop|hip pop|pop rap|rap|southern hip hop|trap,True,train
0lyYVubxulG0uUPOVCQj0Z,Shine,Lil Wayne,Hip-Hop Drive,0.782,0.939,7,-4.51,1,0.1,0.146,0.307,0.749,96.02,hip hop|new orleans rap|pop rap|rap|trap,True,train
2OqYarizUUGzSSNHPrDEii,Shoulder Lean (feat. T.I.),Young Dro,Hip-Hop Drive,0.7,0.518,4,-7.191,0,0.177,0.0471,0.1,0.542,75.973,atl hip hop|crunk|dirty south rap|gangster rap|pop rap|rap|southern hip hop|trap,True,train
24PWKmemCvqfyVXODhoKHW,Sittin' Sidewayz (feat. Big Pokey),Paul Wall,Hip-Hop Drive,0.721,0.621,1,-4.378,1,0.306,0.00469,0.199,0.568,159.967,chopped and screwed|crunk|dirty south rap|gangster rap|hip hop|houston rap|pop rap|rap|southern hip hop|trap,True,test
1boHm9rjmvzxpJASd9dnGK,Slow Jamz (feat. Kanye West & Jamie Foxx),Twista,Hip-Hop Drive,0.561,0.764,2,-6.645,0,0.138,0.373,0.157,0.598,145.158,chicago rap|dance pop|dirty south rap|gangster rap|hip hop|pop rap|rap|trap|urban contemporary,True,train
6o3s08kk2fQI37vxGZDrJ1,Snap Yo Fingers,Youngbloodz,Hip-Hop Drive,0.835,0.757,8,-5.029,0,0.23,0.00647,0.29,0.626,82.038,atl hip hop|crunk|dirty south rap|gangster rap|hip hop|pop rap|rap|southern hip hop,True,train
71mDjdeVK9sqXmamMHaAfX,Some Cut (feat. Cutty),Trillville,Hip-Hop Drive,0.901,0.512,1,-6.468,1,0.37,0.00273,0.0979,0.638,85.012,atl hip hop|crunk|dirty south rap|gangster rap|pop rap|rap|southern hip hop|trap,True,train
0Ss50OU9tCozI7JIywkv14,Soul Survivor,Jeezy,Hip-Hop Drive,0.682,0.483,10,-7.718,1,0.0451,0.00103,0.159,0.108,84.012,atl hip hop|crunk|dirty south rap|gangster rap|hip hop|pop rap|rap|southern hip hop|trap,True,train
3rMyMv8EjKXoPnaRo2hdJN,Stuntin' Like My Daddy - Street,Birdman,Hip-Hop Drive,0.71,0.882,5,-6.648,0,0.04,0.00908,0.162,0.806,160.012,dirty south rap|gangster rap|hip hop|pop rap|rap|southern hip hop,True,test
4s0o8TJHfX9LLHa0umnOzT,Sunshine (feat. Lea) - Explicit Album Version,Lil' Flip,Hip-Hop Drive,0.814,0.387,0,-9.867,1,0.0945,0.0248,0.131,0.792,93.961,crunk|dirty south rap|gangster rap|houston rap|pop rap|southern hip hop|trap,True,train
7fkbO9RJWW0zQAtXBu5ixb,Take It To Da House (feat. The Slip N' Slide Express),Trick Daddy,Hip-Hop Drive,0.934,0.759,6,-5.873,0,0.185,0.0102,0.0818,0.927,123.857,crunk|dirty south rap|gangster rap|hip hop|hip pop|miami hip hop|pop rap|rap|southern hip hop|trap,True,test
7aXXjA800sXYKpM8D9pCVT,Tell Me,Smilez and Southstar,Hip-Hop Drive,0.693,0.88,11,-3.228,0,0.0661,0.0901,0.211,0.397,88.088,,False,test
4mmkhcEm1Ljy1U9nwtsxUo,Through The Wire,Kanye West,Hip-Hop Drive,0.571,0.739,7,-6.11,1,0.247,0.00865,0.158,0.66,83.089,chicago rap|rap,True,train
6SmPPtaMnfxgz5duA6t9Cu,Throw Some D's,Rich Boy,Hip-Hop Drive,0.698,0.86,11,-5.181,1,0.429,0.0368,0.0721,0.433,160.904,alabama rap|dirty south rap|gangster rap|pop rap|rap|southern hip hop|trap,True,train
2lVDc57IMK6nypg2iuEWVR,Tipsy - Radio Mix,J-Kwon,Hip-Hop Drive,0.925,0.748,11,-5.572,0,0.278,0.0484,0.101,0.615,92.978,dirty south rap|pop rap|southern hip hop,True,test
0B8drtTSp68pZdkmVrG9ZA,Twinz (Deep Cover 98) (feat. Fat Joe),Big Pun,Hip-Hop Drive,0.633,0.764,0,-7.212,1,0.323,0.32,0.234,0.522,94.971,bronx hip hop|east coast hip hop|gangster rap|hardcore hip hop|hip hop|hip pop|rap|southern hip hop,True,train
7g7M96UGiA7OR79H86gV4m,U and Dat (feat. T. Pain & Kandi Girl),E-40,Hip-Hop Drive,0.858,0.484,6,-7.448,0,0.277,0.0241,0.123,0.329,99.992,cali rap|gangster rap|hip hop|hyphy|oakland hip hop|pop rap|rap|southern hip hop|trap|west coast rap,True,train
6lEIjrQNwJPecJ7mMXjhjo,Wanna Be A Baller,Lil' Troy,Hip-Hop Drive,0.871,0.648,10,-7.825,0,0.278,0.264,0.2,0.628,92.301,dirty south rap|gangster rap|southern hip hop,True,test
11hQvcLydGTyXS3Wo6AkmW,Wasted (feat. Plies),Gucci Mane,Hip-Hop Drive,0.702,0.727,5,-3.443,1,0.155,0.0827,0.0831,0.549,155.093,atl hip hop|dirty south rap|gangster rap|hip hop|pop rap|rap|southern hip hop|trap,True,train
6njG8EYG1lrROn8P6q46eq,Wat Da Hook Gon Be - Dirty,Murphy Lee,Hip-Hop Drive,0.927,0.596,10,-7.058,0,0.301,0.0979,0.283,0.914,94.997,contemporary country|country|country road|country rock|modern country rock,True,train
19VTqucnxJuH6kilNdweTh,Welcome to Atlanta (feat. Ludacris),Jermaine Dupri,Hip-Hop Drive,0.751,0.786,3,-7.441,0,0.383,0.0126,0.107,0.679,95.989,atl hip hop|dirty south rap|gangster rap|hip hop|hip pop|pop rap|rap|southern hip hop,True,train
2mKouqwAIdQnMP43zxR89r,What's Luv? (feat. Ja-Rule & Ashanti),Fat Joe,Hip-Hop Drive,0.835,0.707,8,-5.074,1,0.0598,0.0219,0.108,0.919,93.955,bronx hip hop|east coast hip hop|gangster rap|hardcore hip hop|hip hop|hip pop|pop rap|rap|trap,True,train
1IAzD1muglOxOcPbUHs70R,Whatever You Like,T.I.,Hip-Hop Drive,0.68,0.687,9,-6.162,0,0.0709,0.0161,0.261,0.467,150.053,atl hip hop|dance pop|dirty south rap|gangster rap|hip hop|pop rap|rap|southern hip hop|trap,True,train
39yRhjDdSTP4A7VehxBXDb,Wouldn't Get Far,The Game,Hip-Hop Drive,0.434,0.764,4,-5.367,0,0.276,0.152,0.425,0.702,92.605,gangster rap|hip hop|pop rap|rap|southern hip hop|trap,True,train
0Ed7MeXx64f6OcIuoTRCg1,Xxplosive,Dr. Dre,Hip-Hop Drive,0.765,0.88,1,-4.361,1,0.116,0.176,0.139,0.929,168.96,g funk|gangster rap|hip hop|rap|west coast rap,True,test
57KCUxlvVWtnz3qGnxNna2,85/Billy Dee Interlude,Youngbloodz,Southern Hip Hop,0.806,0.6,7,-7.454,1,0.365,0.0288,0.619,0.727,82.147,atl hip hop|crunk|dirty south rap|gangster rap|hip hop|pop rap|rap|southern hip hop,True,train
2vfvGlqCB7oertO5VLE0sz,ATLiens,OutKast,Southern Hip Hop,0.918,0.734,11,-2.832,0,0.269,0.0294,0.191,0.608,97.044,atl hip hop|dirty south rap|hip hop|rap|southern hip hop,True,test
4V3N5LvUOh3yDPP16cwAhE,Aquemini,OutKast,Southern Hip Hop,0.722,0.661,1,-5.711,0,0.373,0.245,0.176,0.156,89.294,atl hip hop|dirty south rap|hip hop|rap|southern hip hop,True,train
3lcC9CnN7Rpo1ugATzmYjY,Area Codes,Ludacris,Southern Hip Hop,0.86,0.687,9,-7.203,0,0.433,0.399,0.67,0.622,100.934,atl hip hop|dance pop|dirty south rap|hip hop|pop rap|rap|southern hip hop|trap,True,train
37RC87Ce8jeeKmnpYNExhP,Awnaw - All Hooks up Version,Nappy Roots,Southern Hip Hop,0.721,0.678,7,-3.703,1,0.258,0.00521,0.153,0.712,160.023,dirty south rap|gangster rap|southern hip hop,True,train
3WibbMr6canxRJXhNtAvLU,B.O.B.,OutKast,Southern Hip Hop,0.746,0.978,9,-5.324,1,0.0978,0.0555,0.026,0.652,153.897,atl hip hop|dirty south rap|hip hop|rap|southern hip hop,True,train
1Epb6Kfe3GTgKrrWs1Y4Wy,Badd,Mike Jones,Southern Hip Hop,0.585,0.697,1,-6.126,0,0.357,0.0339,0.255,0.402,133.177,dirty south rap|gangster rap|hip hop|pop rap|rap|southern hip hop|trap,True,train
079lsExLsjditCh8XyUn0L,Best Rapper Alive,Lil Wayne,Southern Hip Hop,0.633,0.879,2,-3.456,1,0.141,0.00453,0.822,0.416,151.51,hip hop|new orleans rap|pop rap|rap|trap,True,train
3OKB1WDMcWX6d4nwvyC4o0,Blowin' Trees (+ Napdonalds Skit),Nappy Roots,Southern Hip Hop,0.566,0.698,5,-5.821,0,0.462,0.182,0.665,0.753,92.848,dirty south rap|gangster rap|southern hip hop,True,test
5voPrNQYQ4kQoRZ9A2NghB,Bowtie (feat. Sleepy Brown & Jazze Pha),OutKast,Southern Hip Hop,0.84,0.888,1,-4.78,1,0.262,0.34,0.303,0.648,98.532,atl hip hop|dirty south rap|hip hop|rap|southern hip hop,True,train
7u6aTzXw1JtiK5sr7XctFs,Bring Em Out,T.I.,Southern Hip Hop,0.759,0.891,11,-2.983,1,0.257,0.0298,0.141,0.587,98.579,atl hip hop|dance pop|dirty south rap|gangster rap|hip hop|pop rap|rap|southern hip hop|trap,True,train
6vye1WybNriUDdlZTbDidn,Cadillac on 22's,David Banner,Southern Hip Hop,0.881,0.537,5,-5.77,1,0.0764,0.13,0.096,0.553,145.092,conscious hip hop|crunk|dirty south rap|gangster rap|hip hop|mississippi hip hop|pop rap|rap|southern hip hop|trap,True,train
3LPNfzKa0VYlNedCY4MuBy,Cot Damn (feat. Ab-Liva & Rosco P. Coldchain),Clipse,Southern Hip Hop,0.817,0.582,5,-3.815,0,0.373,0.108,0.353,0.844,90.986,alternative hip hop|gangster rap|hardcore hip hop|hip hop|pop rap|rap|southern hip hop|trap|virginia hip hop,True,test
6ttNMmXcEXz4G8PUs4Atpx,Country Boyz,Nappy Roots,Southern Hip Hop,0.764,0.889,11,-4.697,0,0.141,0.0438,0.377,0.59,122.208,dirty south rap|gangster rap|southern hip hop,True,train
3T790QTg0ebUUk5tCRbtbN,Crumblin' Erb,OutKast,Southern Hip Hop,0.802,0.593,7,-9.72,1,0.267,0.0782,0.282,0.55,89.66,atl hip hop|dirty south rap|hip hop|rap|southern hip hop,True,train
70RMVzexrIvYJiFEnuGymb,Deliverance,Bubba Sparxxx,Southern Hip Hop,0.462,0.814,7,-7.219,1,0.242,0.213,0.0649,0.696,93.334,atl hip hop|country rap|dirty south rap|pop rap|redneck|southern hip hop,True,train
2oLwDI8tZUOh6SmTMRRfKs,Elevators (Me & You),OutKast,Southern Hip Hop,0.774,0.586,10,-10.434,0,0.301,0.0234,0.0562,0.642,85.075,atl hip hop|dirty south rap|hip hop|rap|southern hip hop,True,test
5ryUbYQzdRRw0iJ2P5Or55,Funky Ride,OutKast,Southern Hip Hop,0.545,0.584,6,-7.643,0,0.0888,0.0161,0.177,0.534,144.153,atl hip hop|dirty south rap|hip hop|rap|southern hip hop,True,train
2t9NFNf5VipAMpo7b8SlHA,Get Buck,Young Buck,Southern Hip Hop,0.797,0.667,1,-6.095,0,0.158,0.545,0.0357,0.621,76.51,crunk|dirty south rap|gangster rap|hip hop|nashville hip hop|pop rap|rap|southern hip hop|trap,True,train
2boJnT3S2aSBagFEUTXrfx,Get Your Roll On,Big Tymers,Southern Hip Hop,0.849,0.812,7,-5.005,1,0.111,0.0111,0.109,0.454,88.93,crunk|dirty south rap|gangster rap|hip hop|new orleans rap|pop rap|rap|southern hip hop|trap,True,train
03b1NUHnoavfpLLKcEMfIb,Go Getta,Jeezy,Southern Hip Hop,0.397,0.74,3,-6.584,0,0.143,0.105,0.15,0.431,174.039,atl hip hop|crunk|dirty south rap|gangster rap|hip hop|pop rap|rap|southern hip hop|trap,True,train
6KqHJ5Wui99h0tgmOnmmz4,Gossip,Big Boi,Southern Hip Hop,0.835,0.747,4,-6.139,0,0.323,0.0478,0.366,0.628,86.978,atl hip hop|dirty south rap|hip hop|pop rap|southern hip hop,True,train
3XrvEifl0hIzgBGUa5jBLS,Grindin',Clipse,Southern Hip Hop,0.592,0.77,1,-3.402,1,0.318,0.122,0.103,0.361,191.692,alternative hip hop|gangster rap|hardcore hip hop|hip hop|pop rap|rap|southern hip hop|trap|virginia hip hop,True,train
56hvN4r1qI7kDW9cw1lVov,Hay,Crucial Conflict,Southern Hip Hop,0.749,0.733,11,-9.163,0,0.0611,0.0302,0.151,0.897,139.935,chicago rap|gangster rap|southern hip hop,True,test
1EsSm8qaR9Wtm1OgZXKi2n,Ho,Ludacris,Southern Hip Hop,0.701,0.68,4,-6.209,0,0.225,0.284,0.143,0.333,96.862,atl hip hop|dance pop|dirty south rap|hip hop|pop rap|rap|southern hip hop|trap,True,test
486eCsiRqWYaHnfeuiIGey,Hootnanny,Bubba Sparxxx,Southern Hip Hop,0.548,0.73,1,-7.156,1,0.292,0.626,0.196,0.822,86.746,atl hip hop|country rap|dirty south rap|pop rap|redneck|southern hip hop,True,test
1WtTLtofvcjQM3sXSMkDdX,How Low,Ludacris,Southern Hip Hop,0.784,0.498,1,-6.977,1,0.0533,0.00248,0.224,0.418,143.96,atl hip hop|dance pop|dirty south rap|hip hop|pop rap|rap|southern hip hop|trap,True,train
5cN4KyXGUdNOve1TEPWmhL,Humble Mumble (with Erykah Badu),OutKast,Southern Hip Hop,0.799,0.923,10,-6.108,0,0.119,0.0366,0.41,0.776,109.964,atl hip hop|dirty south rap|hip hop|rap|southern hip hop,True,train
2334WaCjswLcRIRgTTPWaZ,Hustler Musik,Lil Wayne,Southern Hip Hop,0.661,0.746,8,-2.223,0,0.25,0.36,0.454,0.678,83.939,hip hop|new orleans rap|pop rap|rap|trap,True,train
2KjKMrjCqNtqOiMVGgENxS,I Do,Jeezy,Southern Hip Hop,0.599,0.815,8,-7.638,0,0.337,0.125,0.0877,0.623,72.437,atl hip hop|crunk|dirty south rap|gangster rap|hip hop|pop rap|rap|southern hip hop|trap,True,train
7qFxSPDUDMQNGBqTvK4aEj,I Luv It,Jeezy,Southern Hip Hop,0.642,0.765,9,-6.626,1,0.0382,0.000975,0.387,0.19,91.015,atl hip hop|crunk|dirty south rap|gangster rap|hip hop|pop rap|rap|southern hip hop|trap,True,train
6j2aNuhJJUnRj6UHcvn5PI,I'm a Thug,Trick Daddy,Southern Hip Hop,0.933,0.562,11,-5.963,1,0.122,0.0275,0.102,0.587,139.981,crunk|dirty south rap|gangster rap|hip hop|hip pop|miami hip hop|pop rap|rap|southern hip hop|trap,True,train
4TJ56OkWrnf2fv2a6T69DL,In da Wind,Trick Daddy,Southern Hip Hop,0.974,0.586,0,-3.801,1,0.18,0.12,0.0585,0.689,113.998,crunk|dirty south rap|gangster rap|hip hop|hip pop|miami hip hop|pop rap|rap|southern hip hop|trap,True,test
720dTtTyYAD9TKSAd9lwrt,Jimmy Mathis,Bubba Sparxxx,Southern Hip Hop,0.773,0.79,11,-5.187,0,0.257,0.369,0.461,0.85,101.865,atl hip hop|country rap|dirty south rap|pop rap|redneck|southern hip hop,True,train
1MaHkdIfO4s5RqUiaLI87W,Let's Get Away - Revised Edited /Old Hook,T.I.,Southern Hip Hop,0.666,0.812,10,-4.765,0,0.437,0.329,0.122,0.695,84.878,atl hip hop|dance pop|dirty south rap|gangster rap|hip hop|pop rap|rap|southern hip hop|trap,True,train
289MmJCmxYMxC54ZHcd9G0,Like A Pimp,David Banner,Southern Hip Hop,0.846,0.858,7,-5.263,1,0.174,0.00503,0.0772,0.911,144.082,conscious hip hop|crunk|dirty south rap|gangster rap|hip hop|mississippi hip hop|pop rap|rap|southern hip hop|trap,True,train
2T5O5rE0vVBeb3IxCTxzND,Lines,Big Boi,Southern Hip Hop,0.591,0.652,9,-5.945,1,0.21,0.075,0.205,0.243,84.783,atl hip hop|dirty south rap|hip hop|pop rap|southern hip hop,True,train
3a8Rt2tPSeTkpx5fZDf730,Melting Pot,Nappy Roots,Southern Hip Hop,0.614,0.891,9,-5.607,1,0.252,0.201,0.524,0.487,180.085,dirty south rap|gangster rap|southern hip hop,True,train
7LqnglgrosirX2c7C44Cnw,"Money, Hoes & Power (feat. Jermaine Dupri)",UGK,Southern Hip Hop,0.914,0.837,1,-5.338,1,0.153,0.108,0.0286,0.977,143.975,dirty south rap|gangster rap|hip hop|houston rap|rap|southern hip hop|trap,True,test
0I3q5fE6wg7LIfHGngUTnV,Ms. Jackson,OutKast,Southern Hip Hop,0.843,0.805,4,-5.946,0,0.269,0.142,0.0771,0.615,94.946,atl hip hop|dirty south rap|hip hop|rap|southern hip hop,True,train
3bMNprrp2JDKZsGbiXpsJl,My Chick Bad,Ludacris,Southern Hip Hop,0.624,0.723,1,-6.782,1,0.378,0.172,0.483,0.757,84.789,atl hip hop|dance pop|dirty south rap|hip hop|pop rap|rap|southern hip hop|trap,True,train
6gEejYQZRMeMODb5rxwdK8,Myintrotoletuknow,OutKast,Southern Hip Hop,0.775,0.673,1,-6.018,1,0.316,0.123,0.477,0.263,91.331,atl hip hop|dirty south rap|hip hop|rap|southern hip hop,True,test
6E9GnwBQUPcTCzfGryhhFB,Nappy Roots Day,Nappy Roots,Southern Hip Hop,0.793,0.793,4,-6.419,1,0.269,0.072,0.109,0.642,150.686,dirty south rap|gangster rap|southern hip hop,True,test
6BT0WfQUx5yoQAOxdaD4dq,Nowhere,Bubba Sparxxx,Southern Hip Hop,0.607,0.723,1,-4.802,0,0.286,0.361,0.633,0.591,148.735,atl hip hop|country rap|dirty south rap|pop rap|redneck|southern hip hop,True,train
3XcsaghGUCL9WzJz3TlLKo,On My Block,Scarface,Southern Hip Hop,0.834,0.917,10,-3.194,1,0.205,0.165,0.0533,0.601,82.766,conscious hip hop|dirty south rap|gangster rap|hardcore hip hop|hip hop|rap|southern hip hop|trap,True,train
3XrYVxmqDEFU725or3B59w,One More Drink (co-starring T-Pain),Ludacris,Southern Hip Hop,0.558,0.773,0,-4.764,1,0.292,0.0647,0.283,0.593,98.125,atl hip hop|dance pop|dirty south rap|hip hop|pop rap|rap|southern hip hop|trap,True,train
0J1mcDz3wZTdBeZ56ho8LN,Over Here Hustlin',Birdman,Southern Hip Hop,0.677,0.848,11,-5.224,0,0.276,0.0394,0.142,0.679,144.423,dirty south rap|gangster rap|hip hop|pop rap|rap|southern hip hop,True,train
4sjzqWBQ1gdsi7TGo7brjX,Phat Rabbit,Ludacris,Southern Hip Hop,0.816,0.818,9,-6.314,1,0.184,0.217,0.138,0.766,143.07,atl hip hop|dance pop|dirty south rap|hip hop|pop rap|rap|southern hip hop|trap,True,test
22F01qwlQDpxjPN8UQFz8n,Po' Folks (feat. Anthony Hamilton),Nappy Roots,Southern Hip Hop,0.854,0.847,2,-3.03,1,0.258,0.212,0.0894,0.651,86.062,dirty south rap|gangster rap|southern hip hop,True,train
02GwPAncasVL82yC7y2hmN,Raise Up,Petey Pablo,Southern Hip Hop,0.735,0.844,1,-5.215,1,0.167,0.142,0.319,0.742,156.069,crunk|dirty south rap|gangster rap|hip pop|north carolina hip hop|pop rap|southern hip hop,True,test
1iQi4lFpgIPTMeGXlQqZKk,Receipt,Lil Wayne,Southern Hip Hop,0.497,0.888,6,-3.553,0,0.37,0.0154,0.147,0.677,174.067,hip hop|new orleans rap|pop rap|rap|trap,True,train
5SUXv9ocVrA47eHc4IvkeQ,Ride Wit Me,T.I.,Southern Hip Hop,0.754,0.6,5,-4.582,0,0.253,0.233,0.437,0.778,156.932,atl hip hop|dance pop|dirty south rap|gangster rap|hip hop|pop rap|rap|southern hip hop|trap,True,train
0shK5iZQppbHPQYiy60xs9,Rosa Parks,OutKast,Southern Hip Hop,0.792,0.701,6,-7.198,0,0.283,0.104,0.761,0.251,103.888,atl hip hop|dirty south rap|hip hop|rap|southern hip hop,True,train
1qhgBzRH0jOzoVZJ2K1hDn,Royal Flush (feat. André 3000 & Raekwon),Big Boi,Southern Hip Hop,0.719,0.671,11,-6.881,1,0.404,0.175,0.133,0.704,94.983,atl hip hop|dirty south rap|hip hop|pop rap|southern hip hop,True,train
0Gta6gzv6z2lMKwlnZj3R2,Rubber Band Man - Explicit + Buster Skit,T.I.,Southern Hip Hop,0.601,0.768,8,-5.712,1,0.386,0.141,0.482,0.634,152.45,atl hip hop|dance pop|dirty south rap|gangster rap|hip hop|pop rap|rap|southern hip hop|trap,True,train
181I2gMZOSj4P5nB5gehEx,Shooter,Lil Wayne,Southern Hip Hop,0.684,0.66,2,-6.025,1,0.323,0.245,0.296,0.735,81.034,hip hop|new orleans rap|pop rap|rap|trap,True,train
66MsAs4nVj68t6va1lygIm,"Shut Up (feat. Duece Poppito of 24 Karatz, Trina, & Co of Tre +)",Trick Daddy,Southern Hip Hop,0.792,0.733,11,-5.71,0,0.389,0.00676,0.29,0.653,144.857,crunk|dirty south rap|gangster rap|hip hop|hip pop|miami hip hop|pop rap|rap|southern hip hop|trap,True,train
2EduiM2UNwjCC7PsLxnOCH,Sippin On Some Syrup (feat. UGK (Underground Kingz) & Project Pat),Three 6 Mafia,Southern Hip Hop,0.944,0.839,11,-4.141,1,0.108,0.00919,0.0921,0.892,136.019,crunk|dirty south rap|gangster rap|hip hop|memphis hip hop|pop rap|rap|southern hip hop|tennessee hip hop|trap,True,test
6EQ4orawx8eo0aXH0pOKLE,Skew It on the Bar-B,OutKast,Southern Hip Hop,0.93,0.815,2,-4.801,1,0.295,0.221,0.0584,0.528,107.645,atl hip hop|dirty south rap|hip hop|rap|southern hip hop,True,train
2pMAmZdHfQHyqJCXJbfhK3,Southernplayalisticadillacmuzik,OutKast,Southern Hip Hop,0.69,0.834,10,-5.8,0,0.225,0.0162,0.0559,0.58,172.392,atl hip hop|dirty south rap|hip hop|rap|southern hip hop,True,test
1ZosUXeZM3qlTWdL1uTrhm,Spaghetti Junction,OutKast,Southern Hip Hop,0.756,0.697,7,-7.104,1,0.242,0.0109,0.0459,0.446,96.681,atl hip hop|dirty south rap|hip hop|rap|southern hip hop,True,train
2T8hXV9LUZMDBKR5RALGEa,Splash Waterfalls,Ludacris,Southern Hip Hop,0.728,0.846,6,-6.102,1,0.407,0.102,0.233,0.702,145.813,atl hip hop|dance pop|dirty south rap|hip hop|pop rap|rap|southern hip hop|trap,True,train
4GdB5M7GbwLZLouktYocFC,SpottieOttieDopaliscious,OutKast,Southern Hip Hop,0.824,0.656,1,-6.571,1,0.224,0.0026,0.144,0.707,125.006,atl hip hop|dirty south rap|hip hop|rap|southern hip hop,True,train
5FGs2enRe23RODlTmGYbX6,"Stay Fly (feat. Young Buck, Eightball & MJG) - Explicit Album Version",Three 6 Mafia,Southern Hip Hop,0.788,0.864,11,-5.767,1,0.0335,0.0956,0.335,0.665,133.295,crunk|dirty south rap|gangster rap|hip hop|memphis hip hop|pop rap|rap|southern hip hop|tennessee hip hop|trap,True,train
3KfnUFbnolYR4NuCaf0NnI,Sunny Day,Big Tymers,Southern Hip Hop,0.819,0.679,2,-3.399,1,0.25,0.119,0.364,0.501,82.95,crunk|dirty south rap|gangster rap|hip hop|new orleans rap|pop rap|rap|southern hip hop|trap,True,train
5VSnk53xAO9BmquVUqGZbV,Sunshine - Re-Recorded,Lil' Flip,Southern Hip Hop,0.867,0.432,7,-7.466,1,0.188,0.0119,0.069,0.88,94.017,crunk|dirty south rap|gangster rap|houston rap|pop rap|southern hip hop|trap,True,train
1wLhwzPAtze5JT8qqXlqaO,Take It to da House,Trick Daddy,Southern Hip Hop,0.935,0.781,6,-5.795,0,0.197,0.0158,0.164,0.918,123.894,crunk|dirty south rap|gangster rap|hip hop|hip pop|miami hip hop|pop rap|rap|southern hip hop|trap,True,train
6wCbHb0QEEdka3ymfImn4l,Tha Block Is Hot,Lil Wayne,Southern Hip Hop,0.708,0.941,7,-5.132,1,0.119,0.196,0.0402,0.934,174.041,hip hop|new orleans rap|pop rap|rap|trap,True,train
0Jic1enFHt5xG7E1nHdeYn,This Is The Carter,Lil Wayne,Southern Hip Hop,0.844,0.854,7,-3.694,0,0.265,0.17,0.092,0.777,95.081,hip hop|new orleans rap|pop rap|rap|trap,True,train
1qXLj4ywjsA0hGmaibmnn3,Throw Some D's Remix,Rich Boy,Southern Hip Hop,0.681,0.727,1,-5.086,0,0.323,0.0168,0.074,0.347,160.882,alabama rap|dirty south rap|gangster rap|pop rap|rap|southern hip hop|trap,True,train
7dpFJmdFiahlgzzEmgUwoN,Virginia,Clipse,Southern Hip Hop,0.643,0.878,11,-2.729,0,0.341,0.0589,0.626,0.613,159.709,alternative hip hop|gangster rap|hardcore hip hop|hip hop|pop rap|rap|southern hip hop|trap|virginia hip hop,True,train
6A71EmfdTryZxflaVpuXy6,What You Know,T.I.,Southern Hip Hop,0.548,0.815,3,-4.389,0,0.0376,0.0154,0.12,0.345,146.934,atl hip hop|dance pop|dirty south rap|gangster rap|hip hop|pop rap|rap|southern hip hop|trap,True,train
0TBuySbBzGo4Jgc410MvJp,Who Want It,David Banner,Southern Hip Hop,0.456,0.929,2,-4.576,1,0.453,0.0415,0.121,0.393,168.114,conscious hip hop|crunk|dirty south rap|gangster rap|hip hop|mississippi hip hop|pop rap|rap|southern hip hop|trap,True,train
7n37dToRMRqUhdOnh9sEhB,Why You Wanna,T.I.,Southern Hip Hop,0.802,0.772,1,-4.893,0,0.192,0.358,0.0603,0.654,96.046,atl hip hop|dance pop|dirty south rap|gangster rap|hip hop|pop rap|rap|southern hip hop|trap,True,train
6iV7QmMUPadq6osYqSM2wF,You Ain't Know,Birdman,Southern Hip Hop,0.88,0.623,1,-7.885,0,0.353,0.0956,0.151,0.848,153.085,dirty south rap|gangster rap|hip hop|pop rap|rap|southern hip hop,True,train
