true,'80s Hard Rock,Big Room House,Electropop Hits,Jazz Vibes,Latin Pop Classics,Lush Lofi,Neo Soul Music,New Jack Swing,Permanent Wave,Reggaeton Classics,Rock Classics,Southern Hip Hop,Trap Nation
'80s Hard Rock,0.8947,0.0000,0.0000,0.0000,0.0000,0.0000,0.0000,0.0000,0.0000,0.0000,0.1053,0.0000,0.0000
Big Room House,0.0000,0.9500,0.0500,0.0000,0.0000,0.0000,0.0000,0.0000,0.0000,0.0000,0.0000,0.0000,0.0000
Electropop Hits,0.0526,0.0526,0.7895,0.0000,0.0000,0.0000,0.0000,0.0000,0.0000,0.0000,0.0000,0.0000,0.1053
Jazz Vibes,0.0000,0.0000,0.0000,0.6000,0.0000,0.3000,0.0000,0.0000,0.0000,0.0000,0.0000,0.0000,0.1000
Latin Pop Classics,0.0000,0.0500,0.0500,0.1000,0.6500,0.0000,0.0000,0.0000,0.0500,0.0000,0.0000,0.0000,0.1000
Lush Lofi,0.0000,0.0000,0.0000,0.1500,0.0000,0.8500,0.0000,0.0000,0.0000,0.0000,0.0000,0.0000,0.0000
Neo Soul Music,0.0000,0.0500,0.0000,0.2000,0.0000,0.1000,0.6500,0.0000,0.0000,0.0000,0.0000,0.0000,0.0000
New Jack Swing,0.0000,0.0500,0.0000,0.1000,0.0000,0.0000,0.0500,0.8000,0.0000,0.0000,0.0000,0.0000,0.0000
Permanent Wave,0.0000,0.0000,0.0526,0.0000,0.0000,0.0000,0.0000,0.0000,0.8947,0.0000,0.0526,0.0000,0.0000
Reggaeton Classics,0.0000,0.0000,0.0000,0.0000,0.0000,0.0000,0.0000,0.0000,0.0000,1.0000,0.0000,0.0000,0.0000
Rock Classics,0.1176,0.0000,0.0000,0.0000,0.0000,0.0000,0.0000,0.0000,0.0000,0.0000,0.8824,0.0000,0.0000
Southern Hip Hop,0.0000,0.0000,0.0000,0.0000,0.0000,0.0000,0.0000,0.0000,0.0000,0.0000,0.0000,1.0000,0.0000
Trap Nation,0.0000,0.1500,0.1500,0.1500,0.0000,0.0000,0.0000,0.0000,0.0000,0.0000,0.0000,0.0000,0.5500
