hidden_playlist,new_songs_flagged,known_songs_flagged,new_mean_conf,known_mean_conf
Latin Pop Classics,0.6,0.1206896551724138,0.6399072785940233,0.8892637145461673
Reggaeton Classics,0.35,0.16810344827586207,0.7207623242913416,0.8766010039642067
Electropop Hits,0.3157894736842105,0.15021459227467812,0.7623746409530441,0.8872078823688119
Southern Hip Hop,0.2777777777777778,0.14102564102564102,0.7921739016956394,0.8820990448792868
Permanent Wave,0.2631578947368421,0.13304721030042918,0.8189813005129388,0.8887058533226075
Big Room House,0.25,0.12931034482758622,0.7751174175769762,0.895350453979193
Rock Classics,0.23529411764705882,0.12340425531914893,0.8677855108533217,0.8993512114863964
Neo Soul Music,0.2,0.10344827586206896,0.8881786593648453,0.901988067137282
Jazz Vibes,0.2,0.10344827586206896,0.875040933736295,0.9149126898793077
New Jack Swing,0.2,0.1724137931034483,0.8751597686204879,0.8778393111577013
'80s Hard Rock,0.15789473684210525,0.13733905579399142,0.9124168166541922,0.8842897727289674
Trap Nation,0.15,0.1206896551724138,0.8560910083789658,0.9085156367796201
Lush Lofi,0.1,0.1336206896551724,0.9186277963755799,0.904295966384467
