threshold,coverage,accuracy_on_kept,errors_caught,correct_lost
0.0,1.0,0.8087649402390438,0.0,0.0
0.05,1.0,0.8087649402390438,0.0,0.0
0.1,1.0,0.8087649402390438,0.0,0.0
0.15,1.0,0.8087649402390438,0.0,0.0
0.2,1.0,0.8087649402390438,0.0,0.0
0.25,1.0,0.8087649402390438,0.0,0.0
0.3,0.9960159362549801,0.811,0.015625,0.0012315270935960591
0.35,0.9830677290836654,0.8166160081053698,0.057291666666666664,0.007389162561576354
0.4,0.9611553784860558,0.827979274611399,0.13541666666666666,0.01600985221674877
0.45,0.9292828685258964,0.8392282958199357,0.21875,0.03571428571428571
0.5,0.898406374501992,0.852549889135255,0.3072916666666667,0.05295566502463054
0.55,0.8565737051792829,0.8697674418604651,0.4166666666666667,0.07881773399014778
0.6,0.8077689243027888,0.8816276202219482,0.5,0.11945812807881774
0.65,0.7669322709163346,0.9038961038961039,0.6145833333333334,0.14285714285714285
0.7,0.7221115537848606,0.92,0.6979166666666666,0.17857142857142858
0.75,0.6792828685258964,0.9325513196480938,0.7604166666666666,0.21674876847290642
0.8,0.6235059760956175,0.9472843450479234,0.828125,0.2697044334975369
0.85,0.5727091633466136,0.9652173913043478,0.8958333333333334,0.31650246305418717
0.9,0.5099601593625498,0.978515625,0.9427083333333334,0.3830049261083744
0.95,0.4213147410358566,0.9905437352245863,0.9791666666666666,0.4839901477832512
