,'80s Hard Rock,Big Room House,Electropop Hits,Jazz Vibes,Latin Pop Classics,Lush Lofi,Neo Soul Music,New Jack Swing,Permanent Wave,Reggaeton Classics,Rock Classics,Southern Hip Hop,Trap Nation
'80s Hard Rock,0.9473684210526315,0.0,0.0,0.0,0.0,0.0,0.0,0.0,0.0,0.0,0.05263157894736842,0.0,0.0
Big Room House,0.0,0.85,0.05,0.0,0.0,0.0,0.0,0.0,0.0,0.0,0.0,0.0,0.1
Electropop Hits,0.0,0.05263157894736842,0.8947368421052632,0.0,0.0,0.0,0.0,0.0,0.05263157894736842,0.0,0.0,0.0,0.0
Jazz Vibes,0.0,0.0,0.0,0.6,0.0,0.3,0.05,0.0,0.0,0.0,0.0,0.0,0.05
Latin Pop Classics,0.0,0.0,0.05,0.1,0.65,0.0,0.0,0.05,0.05,0.0,0.0,0.0,0.1
Lush Lofi,0.0,0.0,0.0,0.25,0.0,0.75,0.0,0.0,0.0,0.0,0.0,0.0,0.0
Neo Soul Music,0.0,0.05,0.0,0.25,0.0,0.05,0.65,0.0,0.0,0.0,0.0,0.0,0.0
New Jack Swing,0.0,0.0,0.0,0.15,0.0,0.0,0.05,0.8,0.0,0.0,0.0,0.0,0.0
Permanent Wave,0.0,0.0,0.05263157894736842,0.0,0.0,0.0,0.0,0.0,0.8947368421052632,0.0,0.05263157894736842,0.0,0.0
Reggaeton Classics,0.0,0.0,0.0,0.0,0.0,0.0,0.0,0.0,0.0,1.0,0.0,0.0,0.0
Rock Classics,0.17647058823529413,0.0,0.0,0.0,0.0,0.0,0.0,0.0,0.0,0.0,0.8235294117647058,0.0,0.0
Southern Hip Hop,0.0,0.0,0.0,0.0,0.0,0.0,0.0,0.0,0.0,0.0,0.0,1.0,0.0
Trap Nation,0.0,0.2,0.15,0.0,0.0,0.0,0.0,0.0,0.0,0.0,0.0,0.0,0.65
