epoch,train_acc,test_acc,loss
1,0.04880478087649402,0.07142857142857142,2.619811539497254
2,0.05179282868525897,0.07142857142857142,2.6124221457038317
3,0.055776892430278883,0.07539682539682539,2.605223213474231
4,0.06274900398406374,0.0873015873015873,2.5982169199145786
5,0.06872509960159362,0.0873015873015873,2.5914039682619725
6,0.07768924302788845,0.08333333333333333,2.5847834489948465
7,0.07868525896414343,0.09126984126984126,2.5783534377711383
8,0.08565737051792828,0.0992063492063492,2.5721111984616174
9,0.08864541832669323,0.0992063492063492,2.566053277660747
10,0.09760956175298804,0.10317460317460317,2.560175647766109
11,0.10657370517928287,0.10317460317460317,2.5544737140751486
12,0.1145418326693227,0.10714285714285714,2.5489422461279956
13,0.11752988047808766,0.10714285714285714,2.543575323319097
14,0.12250996015936255,0.1111111111111111,2.5383663304807076
15,0.13346613545816732,0.11904761904761904,2.53330799680344
16,0.1394422310756972,0.13095238095238096,2.5283924564801925
17,0.14741035856573706,0.1388888888888889,2.5236113160675697
18,0.15239043824701196,0.15476190476190477,2.5189557221718384
19,0.16733067729083664,0.15873015873015872,2.514416428987847
20,0.18625498007968128,0.16666666666666666,2.5099838681144724
21,0.20717131474103587,0.1746031746031746,2.5056482233892625
22,0.2360557768924303,0.20634920634920634,2.501399512435749
23,0.2649402390438247,0.23412698412698413,2.497227675132148
24,0.2848605577689243,0.26587301587301587,2.493122667699099
25,0.3137450199203187,0.2896825396825397,2.4890745597717494
26,0.33067729083665337,0.32936507936507936,2.485073630925634
27,0.35756972111553786,0.3412698412698413,2.4811104628699447
28,0.37749003984063745,0.3531746031746032,2.4771760238191356
29,0.3934262948207171,0.35714285714285715,2.473261742099884
30,0.4113545816733068,0.38492063492063494,2.469359566642094
31,0.43326693227091634,0.4246031746031746,2.4654620126573508
32,0.45617529880478086,0.42857142857142855,2.4615621915990333
33,0.46912350597609564,0.45634920634920634,2.4576538253903326
34,0.48804780876494025,0.4603174603174603,2.4537312457650446
35,0.499003984063745,0.46825396825396826,2.4497893802586415
36,0.5039840637450199,0.4722222222222222,2.445823726853395
37,0.5129482071713147,0.46825396825396826,2.441830319529041
38,0.5258964143426295,0.48412698412698413,2.437805687035578
39,0.5368525896414342,0.5,2.4337468071304498
40,0.549800796812749,0.5158730158730159,2.4296510583573836
41,0.5527888446215139,0.5119047619047619,2.4255161712349365
42,0.5637450199203188,0.5198412698412699,2.4213401804896395
43,0.5846613545816733,0.5396825396825397,2.417121379703545
44,0.5896414342629482,0.5555555555555556,2.4128582794431535
45,0.5956175298804781,0.5595238095238095,2.4085495696170036
46,0.6045816733067729,0.5674603174603174,2.404194086507284
47,0.6105577689243028,0.5714285714285714,2.3997907846585456
48,0.6145418326693227,0.5793650793650794,2.3953387135839104
49,0.6185258964143426,0.5833333333333334,2.390836999059904
50,0.6245019920318725,0.5912698412698413,2.3862848286293814
51,0.6294820717131474,0.5912698412698413,2.381681440830745
52,0.6324701195219123,0.6071428571428571,2.377026117625744
53,0.6354581673306773,0.6031746031746031,2.3723181794967756
54,0.6424302788844621,0.6071428571428571,2.3675569827089613
55,0.647410358565737,0.6111111111111112,2.362741918267806
56,0.6583665338645418,0.623015873015873,2.3578724121446943
57,0.6613545816733067,0.626984126984127,2.3529479263894317
58,0.6703187250996016,0.6309523809523809,2.347967960801422
59,0.6733067729083665,0.6309523809523809,2.342932054887012
60,0.6762948207171314,0.6388888888888888,2.3378397898868224
61,0.6743027888446215,0.6388888888888888,2.3326907907104077
62,0.6752988047808764,0.6349206349206349,2.327484727663996
63,0.6772908366533864,0.6428571428571429,2.322221317898806
64,0.6792828685258964,0.6428571428571429,2.3169003265420045
65,0.6782868525896414,0.6547619047619048,2.311521567499601
66,0.6772908366533864,0.6547619047619048,2.3060849039410045
67,0.6762948207171314,0.6507936507936508,2.300590248489174
68,0.6762948207171314,0.6507936507936508,2.2950375631491142
69,0.6772908366533864,0.6507936507936508,2.289426859011843
70,0.6762948207171314,0.6507936507936508,2.28375819577181
71,0.6762948207171314,0.6547619047619048,2.2780316810941397
72,0.6762948207171314,0.6547619047619048,2.2722474698648623
73,0.6772908366533864,0.6547619047619048,2.266405763353349
74,0.6782868525896414,0.6587301587301587,2.2605068083119746
75,0.6782868525896414,0.6547619047619048,2.254550896034004
76,0.6802788844621513,0.6587301587301587,2.248538361386822
77,0.6812749003984063,0.6666666666666666,2.242469581834059
78,0.6822709163346613,0.6666666666666666,2.2363449764566643
79,0.6822709163346613,0.6666666666666666,2.2301650049796953
80,0.6832669322709163,0.6706349206349206,2.223930166808495
81,0.6832669322709163,0.6706349206349206,2.2176410000751003
82,0.6852589641434262,0.6706349206349206,2.2112980806934868
83,0.6872509960159362,0.6706349206349206,2.2049020214205437
84,0.6892430278884463,0.6706349206349206,2.198453470918681
85,0.6912350597609562,0.6706349206349206,2.1919531128156056
86,0.6902390438247012,0.6706349206349206,2.1854016647569705
87,0.6922310756972112,0.6706349206349206,2.178799877448175
88,0.6922310756972112,0.6706349206349206,2.1721485336823343
89,0.6912350597609562,0.6706349206349206,2.165448447352389
90,0.6902390438247012,0.6706349206349206,2.158700462446286
91,0.6912350597609562,0.6706349206349206,2.1519054520251006
92,0.6932270916334662,0.6706349206349206,2.1450643171847856
93,0.6932270916334662,0.6746031746031746,2.1381779860028436
94,0.6922310756972112,0.6746031746031746,2.1312474124715712
95,0.6912350597609562,0.6746031746031746,2.1242735754196285
96,0.6912350597609562,0.6746031746031746,2.11725747742364
97,0.6932270916334662,0.6746031746031746,2.1102001437113946
98,0.6952191235059761,0.6746031746031746,2.1031026210580257
99,0.6952191235059761,0.6785714285714286,2.09596597667643
100,0.6972111553784861,0.6785714285714286,2.088791297103091
101,0.6972111553784861,0.6785714285714286,2.081579687080403
102,0.6972111553784861,0.6825396825396826,2.0743322684366294
103,0.6992031872509961,0.6825396825396826,2.067050178964622
104,0.702191235059761,0.6865079365079365,2.0597345713005035
105,0.702191235059761,0.6865079365079365,2.0523866118035636
106,0.703187250996016,0.6904761904761905,2.045007479438659
107,0.703187250996016,0.6944444444444444,2.0375983646624847
108,0.703187250996016,0.6944444444444444,2.030160468315072
109,0.701195219123506,0.6944444444444444,2.022695000517931
110,0.702191235059761,0.6944444444444444,2.0152031795802228
111,0.701195219123506,0.6944444444444444,2.0076862309143553
112,0.702191235059761,0.6944444444444444,2.0001453859623712
113,0.703187250996016,0.6944444444444444,1.9925818811344427
114,0.703187250996016,0.6944444444444444,1.984996956760761
115,0.704183266932271,0.6944444444444444,1.9773918560580188
116,0.704183266932271,0.6944444444444444,1.9697678241116265
117,0.7061752988047809,0.6944444444444444,1.962126106874694
118,0.7061752988047809,0.6904761904761905,1.9544679501847393
119,0.7071713147410359,0.6944444444444444,1.9467945987989388
120,0.7101593625498008,0.6944444444444444,1.9391072954486719
121,0.7101593625498008,0.6944444444444444,1.9314072799139708
122,0.7091633466135459,0.6944444444444444,1.923695788118399
123,0.7121513944223108,0.6944444444444444,1.9159740512447943
124,0.7121513944223108,0.6984126984126984,1.9082432948722285
125,0.7111553784860558,0.6984126984126984,1.9005047381344737
126,0.7101593625498008,0.6984126984126984,1.8927595929002292
127,0.7111553784860558,0.6984126984126984,1.8850090629753204
128,0.7141434262948207,0.6944444444444444,1.877254343327094
129,0.7151394422310757,0.6944444444444444,1.869496619331224
130,0.7161354581673307,0.6944444444444444,1.861737066041162
131,0.7201195219123506,0.6984126984126984,1.8539768474805045
132,0.7201195219123506,0.7023809523809523,1.8462171159585679
133,0.7191235059760956,0.6984126984126984,1.8384590114095087
134,0.7211155378486056,0.7023809523809523,1.8307036607553562
135,0.7211155378486056,0.7063492063492064,1.8229521772933444
136,0.7211155378486056,0.7063492063492064,1.8152056601079543
137,0.7211155378486056,0.7063492063492064,1.807465193508096
138,0.7211155378486056,0.7023809523809523,1.7997318464898298
139,0.7211155378486056,0.7023809523809523,1.792006672225039
140,0.7211155378486056,0.7063492063492064,1.784290707576423
141,0.7221115537848606,0.7023809523809523,1.7765849726391427
142,0.7221115537848606,0.7023809523809523,1.7688904703093908
143,0.7221115537848606,0.7023809523809523,1.7612081858801243
144,0.7241035856573705,0.7023809523809523,1.7535390866641
145,0.7231075697211156,0.7023809523809523,1.745884121644301
146,0.7241035856573705,0.7063492063492064,1.7382442211517546
147,0.7241035856573705,0.7103174603174603,1.7306202965706783
148,0.7250996015936255,0.7103174603174603,1.7230132400708023
149,0.7270916334661355,0.7142857142857143,1.7154239243666423
150,0.7260956175298805,0.7142857142857143,1.7078532025034345
