playlist,precision,recall,f1,support
Southern Hip Hop,1.0,1.0,1.0,18
Reggaeton Classics,1.0,1.0,1.0,20
'80s Hard Rock,0.8571428571428571,0.9473684210526315,0.9,19
Permanent Wave,0.8947368421052632,0.8947368421052632,0.8947368421052632,19
New Jack Swing,0.9411764705882353,0.8,0.8648648648648649,20
Rock Classics,0.875,0.8235294117647058,0.8484848484848485,17
Electropop Hits,0.7391304347826086,0.8947368421052632,0.8095238095238095,19
Big Room House,0.7391304347826086,0.85,0.7906976744186046,20
Latin Pop Classics,1.0,0.65,0.7878787878787878,20
Neo Soul Music,0.8666666666666667,0.65,0.7428571428571429,20
Lush Lofi,0.6818181818181818,0.75,0.7142857142857143,20
Trap Nation,0.7222222222222222,0.65,0.6842105263157895,20
Jazz Vibes,0.4444444444444444,0.6,0.5106382978723404,20
