scale,hidden,activation,alpha,cv_mean,cv_std
audio,"(26,)",logistic,0.001,0.8018,0.0239
audio,"(50,)",logistic,0.001,0.8018,0.0341
all,"(50,)",relu,0.1,0.7978,0.0301
audio,"(13,)",relu,0.01,0.7968,0.0336
all,"(26,)",relu,0.1,0.7968,0.0313
audio,"(50,)",relu,0.001,0.7958,0.019
audio,"(13,)",logistic,0.001,0.7958,0.0214
all,"(50,)",logistic,0.01,0.7948,0.0269
audio,"(50,)",relu,0.01,0.7948,0.0202
all,"(50,)",relu,1.0,0.7938,0.0262
all,"(50,)",logistic,0.001,0.7918,0.0218
audio,"(13,)",relu,0.1,0.7909,0.033
audio,"(13,)",logistic,0.01,0.7909,0.0207
all,"(50,)",relu,0.01,0.7908,0.0196
all,"(26,)",logistic,0.01,0.7899,0.0241
audio,"(26,)",relu,0.001,0.7899,0.0309
audio,"(13,)",relu,0.001,0.7899,0.0283
audio,"(26,)",relu,0.1,0.7889,0.035
all,"(13,)",logistic,0.01,0.7888,0.021
all,"(50,)",relu,0.001,0.7879,0.0119
all,"(26,)",logistic,0.1,0.7879,0.0222
audio,"(26,)",relu,0.01,0.7869,0.0298
all,"(13,)",relu,0.1,0.7869,0.034
all,"(26,)",relu,0.01,0.7868,0.0295
audio,"(26,)",logistic,0.01,0.7859,0.0278
all,"(50,)",logistic,0.1,0.7859,0.0296
all,"(26,)",logistic,0.001,0.7849,0.0211
audio,"(50,)",logistic,0.01,0.7849,0.0308
all,"(26,)",relu,1.0,0.7848,0.0317
all,"(13,)",logistic,0.001,0.7848,0.0192
all,"(26,)",relu,0.001,0.7839,0.0276
all,"(13,)",relu,0.01,0.7829,0.0394
audio,"(50,)",relu,0.1,0.7829,0.0315
all,"(13,)",relu,0.001,0.7779,0.0395
all,"(13,)",relu,1.0,0.7749,0.0261
all,"(13,)",logistic,0.1,0.7699,0.0314
audio,"(50,)",logistic,0.1,0.763,0.0376
audio,"(26,)",logistic,0.1,0.753,0.0314
audio,"(13,)",logistic,0.1,0.7331,0.0257
audio,"(50,)",relu,1.0,0.6953,0.0232
all,"(50,)",logistic,1.0,0.6923,0.0509
audio,"(26,)",relu,1.0,0.6883,0.0357
audio,"(13,)",relu,1.0,0.6793,0.018
all,"(26,)",logistic,1.0,0.6743,0.0458
all,"(13,)",logistic,1.0,0.6236,0.0341
audio,"(50,)",logistic,1.0,0.2699,0.043
audio,"(26,)",logistic,1.0,0.2242,0.0615
audio,"(13,)",logistic,1.0,0.1734,0.0677
